,date,age,team,opposition,game_result,all_goals,all_assists,all_points,plus_minus,pims,evg,ppg,shg,gwg,eva,ppa,sha,shots,shot_pct,num_shifts,toi,hits,FO_win,FO_Loss,FO_pct
0,2013-10-02,18-340,BUF,DET,L,0,0,0,-1,0,0,0,0,0,,,,3,0.0,22,16:44,1,0,0,
1,2013-10-04,18-342,BUF,OTT,L,0,0,0,0,0,0,0,0,0,,,,2,0.0,21,18:40,1,0,0,
2,2013-10-05,18-343,BUF,PIT,L,0,0,0,-1,0,0,0,0,0,,,,1,0.0,23,18:06,1,0,0,
3,2013-10-08,18-346,BUF,TBL,L-OT,0,0,0,0,0,0,0,0,0,,,,0,,20,16:35,1,0,0,
4,2013-10-10,18-348,BUF,CBJ,L,0,0,0,0,0,0,0,0,0,,,,1,0.0,26,19:20,2,0,0,
5,2013-10-12,18-350,BUF,CHI,L,0,0,0,-1,2,0,0,0,0,,,,0,,16,11:18,2,0,0,
6,2013-10-15,18-353,BUF,NYI,W,0,0,0,0,0,0,0,0,0,,,,2,0.0,17,14:59,1,0,0,
7,2013-10-17,18-355,BUF,VAN,L,0,0,0,-1,0,0,0,0,0,,,,2,0.0,22,19:17,3,0,0,
8,2013-10-25,18-363,BUF,FLA,W,1,0,1,1,0,1,0,0,0,,,,2,50.0,20,15:20,5,0,0,
9,2013-10-26,18-364,BUF,TBL,L,0,0,0,-1,0,0,0,0,0,,,,3,0.0,21,14:25,1,0,0,
10,2013-10-28,19-001,BUF,DAL,L,0,0,0,0,0,0,0,0,0,,,,3,0.0,23,17:47,3,0,1,0.0
11,2013-10-31,19-004,BUF,NYR,L,0,0,0,0,0,0,0,0,0,,,,0,,22,13:53,7,0,0,
12,2013-11-02,19-006,BUF,ANA,L,0,0,0,-1,0,0,0,0,0,,,,0,,22,20:18,0,0,0,
13,2013-11-05,19-009,BUF,SJS,W,0,0,0,0,2,0,0,0,0,,,,1,0.0,21,17:29,5,0,0,
14,2013-11-07,19-011,BUF,LAK,L,0,0,0,0,0,0,0,0,0,,,,1,0.0,24,21:08,4,0,0,
15,2013-11-08,19-012,BUF,ANA,L,0,0,0,0,0,0,0,0,0,,,,2,0.0,22,19:35,0,0,0,
16,2013-11-12,19-016,BUF,LAK,W,0,0,0,0,0,0,0,0,0,,,,0,,18,16:43,1,0,0,
17,2013-11-15,19-019,BUF,TOR,W,0,0,0,0,0,0,0,0,0,,,,0,,20,17:12,3,0,0,
18,2013-11-16,19-020,BUF,TOR,L,0,0,0,1,0,0,0,0,0,,,,2,0.0,20,18:27,1,0,0,
19,2014-03-15,19-139,BUF,NYI,L,0,0,0,-1,0,0,0,0,0,,,,4,0.0,22,18:24,2,0,0,
20,2014-03-16,19-140,BUF,MTL,L,0,0,0,-1,0,0,0,0,0,,,,1,0.0,22,20:28,5,0,0,
21,2014-03-18,19-142,BUF,CGY,L,0,0,0,-2,0,0,0,0,0,,,,1,0.0,25,21:01,1,0,0,
22,2014-03-20,19-144,BUF,EDM,W,0,0,0,1,0,0,0,0,0,,,,4,0.0,26,21:54,1,0,0,
23,2014-03-23,19-147,BUF,VAN,L,0,0,0,-2,2,0,0,0,0,,,,2,0.0,26,18:34,1,0,0,
24,2014-03-27,19-151,BUF,NSH,L,1,0,1,0,0,1,0,0,0,,,,1,100.0,30,19:33,1,0,0,
25,2014-03-29,19-153,BUF,TBL,L-OT,0,1,1,0,0,0,0,0,0,,,,1,0.0,26,24:45,1,0,0,
26,2014-04-01,19-156,BUF,NJD,W,0,0,0,1,0,0,0,0,0,,,,1,0.0,27,20:26,3,0,0,
27,2014-04-03,19-158,BUF,STL,L,0,0,0,-1,0,0,0,0,0,,,,2,0.0,26,22:27,1,0,0,
28,2014-04-04,19-159,BUF,DET,L,0,0,0,0,0,0,0,0,0,,,,0,,28,22:53,2,0,0,
29,2014-04-06,19-161,BUF,PHI,L,0,0,0,0,0,0,0,0,0,,,,2,0.0,29,24:50,1,0,0,
30,2014-04-08,19-163,BUF,DET,L,0,0,0,-2,0,0,0,0,0,,,,2,0.0,27,21:41,1,0,0,
31,2014-04-10,19-165,BUF,NYR,L,0,0,0,-1,0,0,0,0,0,,,,0,,26,20:59,0,0,0,
32,2014-04-12,19-167,BUF,BOS,L,0,0,0,-2,0,0,0,0,0,,,,3,0.0,29,21:29,2,0,0,
33,2014-04-13,19-168,BUF,NYI,L-SO,0,1,1,-1,0,0,0,0,0,,,,3,0.0,27,23:18,2,0,0,
34,2014-10-09,19-347,BUF,CBJ,L,0,0,0,0,2,0,0,0,0,0,0,0,0,,18,16:04,0,0,0,
35,2014-10-11,19-349,BUF,CHI,L,0,0,0,-1,0,0,0,0,0,0,0,0,1,0.0,17,16:41,1,0,0,
36,2014-10-13,19-351,BUF,ANA,L,0,0,0,-1,0,0,0,0,0,0,0,0,0,,20,14:38,0,0,0,
37,2014-10-14,19-352,BUF,CAR,W,0,0,0,0,0,0,0,0,0,0,0,0,1,0.0,25,19:15,3,0,0,
38,2014-10-17,19-355,BUF,FLA,L,0,0,0,0,0,0,0,0,0,0,0,0,1,0.0,17,14:44,3,0,0,
39,2014-10-18,19-356,BUF,BOS,L,0,0,0,-2,0,0,0,0,0,0,0,0,1,0.0,21,15:34,0,0,0,
40,2014-10-22,19-360,BUF,ANA,L,0,0,0,-1,0,0,0,0,0,0,0,0,1,0.0,20,14:28,3,0,0,
41,2014-10-23,19-361,BUF,LAK,L,0,0,0,0,0,0,0,0,0,0,0,0,1,0.0,20,15:23,2,0,0,
42,2014-10-25,19-363,BUF,SJS,W,0,0,0,0,2,0,0,0,0,0,0,0,0,,26,19:22,0,0,0,
43,2014-10-28,20-001,BUF,TOR,L,0,0,0,-1,0,0,0,0,0,0,0,0,1,0.0,20,18:32,1,0,0,
44,2014-10-30,20-003,BUF,BOS,L-OT,0,0,0,-1,0,0,0,0,0,0,0,0,0,,23,17:05,1,0,0,
45,2014-11-01,20-005,BUF,PIT,L,0,0,0,-1,0,0,0,0,0,0,0,0,2,0.0,28,20:08,1,0,0,
46,2014-11-02,20-006,BUF,DET,W,0,0,0,1,2,0,0,0,0,0,0,0,1,0.0,32,25:30,0,0,0,
47,2014-11-05,20-009,BUF,MTL,L-SO,0,0,0,-1,0,0,0,0,0,0,0,0,0,,33,24:03,3,0,0,
48,2014-11-07,20-011,BUF,EDM,L,0,1,1,-2,0,0,0,0,0,1,0,0,2,0.0,29,20:51,3,0,0,
49,2014-11-08,20-012,BUF,PIT,L,0,0,0,-1,0,0,0,0,0,0,0,0,3,0.0,27,20:51,2,0,0,
50,2014-11-11,20-015,BUF,STL,L,0,0,0,-2,0,0,0,0,0,0,0,0,1,0.0,31,24:31,2,0,0,
51,2014-11-13,20-017,BUF,MIN,L,1,0,1,2,2,1,0,0,0,0,0,0,4,25.0,31,24:06,1,0,0,
52,2014-11-15,20-019,BUF,TOR,W,0,0,0,1,2,0,0,0,0,0,0,0,1,0.0,27,18:09,1,0,0,
53,2014-11-18,20-022,BUF,SJS,W,0,1,1,2,0,0,0,0,0,1,0,0,1,0.0,24,20:13,0,0,0,
54,2014-11-22,20-026,BUF,WSH,W,0,0,0,1,0,0,0,0,0,0,0,0,2,0.0,24,20:45,3,0,0,
55,2014-11-26,20-030,BUF,WPG,L,0,0,0,0,0,0,0,0,0,0,0,0,2,0.0,27,23:30,1,0,0,
56,2014-11-28,20-032,BUF,MTL,W,0,1,1,0,0,0,0,0,0,0,1,0,2,0.0,27,19:25,2,0,0,
57,2014-11-29,20-033,BUF,MTL,W,0,0,0,-1,0,0,0,0,0,0,0,0,1,0.0,33,22:54,4,0,0,
58,2014-12-02,20-036,BUF,TBL,W,0,0,0,0,0,0,0,0,0,0,0,0,1,0.0,27,20:50,1,0,0,
59,2014-12-04,20-038,BUF,TBL,L,0,0,0,-1,2,0,0,0,0,0,0,0,3,0.0,27,19:15,1,0,0,
60,2014-12-06,20-040,BUF,FLA,L,0,0,0,-2,0,0,0,0,0,0,0,0,2,0.0,23,18:23,2,0,0,
61,2014-12-09,20-043,BUF,LAK,W,0,0,0,0,0,0,0,0,0,0,0,0,1,0.0,26,22:40,4,0,0,
62,2014-12-11,20-045,BUF,CGY,W,0,0,0,1,0,0,0,0,0,0,0,0,0,,28,17:54,1,0,0,
63,2014-12-13,20-047,BUF,FLA,W,0,0,0,-2,0,0,0,0,0,0,0,0,1,0.0,31,21:50,1,0,0,
64,2014-12-15,20-049,BUF,OTT,W,1,0,1,0,0,0,1,0,0,0,0,0,4,25.0,33,25:24,1,0,0,
65,2014-12-16,20-050,BUF,WPG,L,0,1,1,-2,2,0,0,0,0,0,1,0,2,0.0,31,20:39,2,0,0,
66,2014-12-20,20-054,BUF,COL,L,0,0,0,-2,0,0,0,0,0,0,0,0,3,0.0,25,27:01,2,0,0,
67,2014-12-21,20-055,BUF,BOS,L-OT,1,0,1,-1,0,0,1,0,0,0,0,0,2,50.0,29,26:46,1,0,0,
68,2014-12-23,20-057,BUF,DET,L,0,0,0,-1,0,0,0,0,0,0,0,0,0,,31,27:53,2,0,0,
69,2014-12-27,20-061,BUF,NYI,W,0,0,0,0,0,0,0,0,0,0,0,0,1,0.0,11,8:14,1,0,0,
70,2015-01-02,20-067,BUF,FLA,L,0,0,0,0,0,0,0,0,0,0,0,0,1,0.0,25,19:07,0,0,0,
71,2015-01-03,20-068,BUF,NYR,L,0,0,0,-1,0,0,0,0,0,0,0,0,4,0.0,29,23:27,0,0,0,
72,2015-01-06,20-071,BUF,NJD,L,0,0,0,0,0,0,0,0,0,0,0,0,1,0.0,26,20:26,4,0,0,
73,2015-01-08,20-073,BUF,CAR,L,0,0,0,-3,0,0,0,0,0,0,0,0,1,0.0,19,17:39,2,0,0,
74,2015-01-09,20-074,BUF,TBL,L,0,0,0,1,0,0,0,0,0,0,0,0,3,0.0,23,16:51,1,0,0,
75,2015-01-13,20-078,BUF,DET,L,0,0,0,0,4,0,0,0,0,0,0,0,2,0.0,27,19:22,1,0,0,
76,2015-01-15,20-080,BUF,MIN,L,0,0,0,-1,0,0,0,0,0,0,0,0,3,0.0,28,21:58,2,0,0,
77,2015-01-17,20-082,BUF,PHI,L,0,1,1,-1,0,0,0,0,0,1,0,0,3,0.0,24,18:58,0,0,0,
78,2015-01-27,20-092,BUF,CGY,L,0,0,0,-1,0,0,0,0,0,0,0,0,0,,20,14:41,0,0,0,
79,2015-01-29,20-094,BUF,EDM,L,1,0,1,0,0,1,0,0,0,0,0,0,3,33.3,22,16:32,2,0,0,
80,2015-01-30,20-095,BUF,VAN,L,0,0,0,-3,0,0,0,0,0,0,0,0,0,,22,16:49,2,0,0,
81,2015-02-03,20-099,BUF,MTL,W,0,0,0,1,0,0,0,0,0,0,0,0,1,0.0,20,14:14,1,0,0,
82,2015-02-05,20-101,BUF,STL,L,0,0,0,-1,0,0,0,0,0,0,0,0,0,,23,15:11,4,0,0,
83,2015-02-07,20-103,BUF,DAL,W,0,0,0,1,0,0,0,0,0,0,0,0,2,0.0,23,16:02,0,0,0,
84,2015-02-08,20-104,BUF,NYI,L,0,0,0,1,0,0,0,0,0,0,0,0,0,,27,21:14,1,0,0,
85,2015-02-10,20-106,BUF,OTT,L,0,0,0,-1,0,0,0,0,0,0,0,0,0,,29,17:29,2,0,0,
86,2015-02-15,20-111,BUF,PHI,L,0,1,1,-1,0,0,0,0,0,0,1,0,3,0.0,27,20:31,1,0,0,
87,2015-02-17,20-113,BUF,NJD,L-SO,0,0,0,1,0,0,0,0,0,0,0,0,1,0.0,23,18:16,0,0,0,
88,2015-02-19,20-115,BUF,PHI,W,0,1,1,0,0,0,0,0,0,1,0,0,0,,23,15:42,3,0,0,
89,2015-02-20,20-116,BUF,NYR,L,0,0,0,-1,0,0,0,0,0,0,0,0,1,0.0,25,18:00,1,1,0,100.0
90,2015-02-22,20-118,BUF,NSH,L-SO,0,0,0,0,0,0,0,0,0,0,0,0,2,0.0,30,23:01,2,0,0,
91,2015-02-24,20-120,BUF,CBJ,W,0,0,0,0,0,0,0,0,0,0,0,0,4,0.0,25,16:12,0,0,0,
92,2015-02-26,20-122,BUF,VAN,W,0,0,0,-2,0,0,0,0,0,0,0,0,0,,26,22:11,4,0,0,
93,2015-02-28,20-124,BUF,FLA,L,0,0,0,-1,2,0,0,0,0,0,0,0,1,0.0,31,21:32,4,0,0,
94,2015-03-03,20-127,BUF,TBL,L,0,0,0,0,2,0,0,0,0,0,0,0,1,0.0,27,20:56,2,0,0,
95,2015-03-06,20-130,BUF,OTT,L,0,0,0,-1,2,0,0,0,0,0,0,0,1,0.0,26,21:17,1,0,0,
96,2015-03-07,20-131,BUF,WSH,L,0,0,0,-1,0,0,0,0,0,0,0,0,0,,28,25:35,1,0,0,
97,2015-03-11,20-135,BUF,TOR,L-SO,0,0,0,0,0,0,0,0,0,0,0,0,4,0.0,31,24:51,5,0,0,
98,2015-03-14,20-138,BUF,NYR,L,0,0,0,-1,0,0,0,0,0,0,0,0,2,0.0,31,28:36,1,0,0,
99,2015-03-16,20-140,BUF,WSH,L-SO,0,1,1,0,0,0,0,0,0,0,1,0,2,0.0,31,28:11,2,0,0,
100,2015-03-17,20-141,BUF,BOS,W,1,0,1,0,0,0,1,0,0,0,0,0,3,33.3,29,28:23,1,0,0,
101,2015-03-20,20-144,BUF,NJD,L,0,0,0,-1,2,0,0,0,0,0,0,0,5,0.0,26,24:06,2,0,0,
102,2015-03-21,20-145,BUF,NSH,L,0,0,0,-1,0,0,0,0,0,0,0,0,3,0.0,27,24:23,3,0,0,
103,2015-03-23,20-147,BUF,DAL,L,0,0,0,0,0,0,0,0,0,0,0,0,2,0.0,29,26:44,0,0,0,
104,2015-03-26,20-150,BUF,ARI,L-OT,1,0,1,1,0,0,1,0,0,0,0,0,3,33.3,25,23:59,2,0,0,
105,2015-03-28,20-152,BUF,COL,L,1,1,2,3,0,1,0,0,0,1,0,0,2,50.0,25,24:02,1,0,0,
106,2015-03-30,20-154,BUF,ARI,W,1,0,1,2,0,1,0,0,0,0,0,0,2,50.0,26,22:29,0,0,0,
107,2015-04-03,20-158,BUF,CHI,L,0,3,3,0,0,0,0,0,0,2,1,0,1,0.0,28,21:23,0,0,0,
108,2015-04-04,20-159,BUF,NYI,L,0,0,0,-1,0,0,0,0,0,0,0,0,2,0.0,24,21:46,1,0,0,
109,2015-04-06,20-161,BUF,CAR,W,0,0,0,0,0,0,0,0,0,0,0,0,0,,30,23:54,1,0,0,
110,2015-04-10,20-165,BUF,CBJ,L,0,0,0,-1,0,0,0,0,0,0,0,0,3,0.0,23,23:21,0,0,0,
111,2015-04-11,20-166,BUF,PIT,L,0,0,0,-1,0,0,0,0,0,0,0,0,0,,28,25:00,2,0,0,
112,2015-10-08,20-346,BUF,OTT,L,0,0,0,-1,0,0,0,0,0,0,0,0,3,0.0,26,23:10,0,0,0,
113,2015-10-10,20-348,BUF,TBL,L,0,0,0,0,0,0,0,0,0,0,0,0,2,0.0,27,26:41,1,0,0,
114,2015-10-12,20-350,BUF,CBJ,W,1,1,2,1,0,0,1,0,0,0,1,0,4,25.0,30,24:58,0,0,0,
115,2015-10-15,20-353,BUF,FLA,L,0,1,1,-1,0,0,0,0,0,0,1,0,4,0.0,28,24:28,1,0,0,
116,2015-10-17,20-355,BUF,TBL,L,0,0,0,-1,0,0,0,0,0,0,0,0,3,0.0,30,23:57,2,0,0,
117,2015-10-21,20-359,BUF,TOR,W,0,0,0,1,0,0,0,0,0,0,0,0,3,0.0,30,24:09,2,0,0,
118,2015-10-23,20-361,BUF,MTL,L,0,0,0,-2,0,0,0,0,0,0,0,0,0,,30,23:03,2,0,0,
119,2015-10-24,20-362,BUF,NJD,L,0,0,0,-1,0,0,0,0,0,0,0,0,2,0.0,27,22:24,0,0,0,
120,2015-10-27,21-000,BUF,PHI,W,0,0,0,-1,0,0,0,0,0,0,0,0,3,0.0,37,25:02,2,0,0,
121,2015-10-29,21-002,BUF,PIT,L,0,2,2,0,0,0,0,0,0,2,0,0,5,0.0,29,24:49,3,0,0,
122,2015-10-30,21-003,BUF,PHI,W,0,0,0,0,0,0,0,0,0,0,0,0,2,0.0,30,23:49,1,0,0,
123,2015-11-01,21-005,BUF,NYI,W,0,0,0,0,0,0,0,0,0,0,0,0,0,,34,26:04,7,0,0,
124,2015-11-05,21-009,BUF,TBL,L,0,0,0,-3,0,0,0,0,0,0,0,0,2,0.0,28,21:28,3,0,0,
125,2015-11-07,21-011,BUF,VAN,W,2,0,2,0,0,1,1,0,1,0,0,0,5,40.0,31,21:17,1,0,0,
126,2015-11-10,21-014,BUF,TBL,W,1,0,1,1,0,1,0,0,0,0,0,0,3,33.3,31,26:28,1,0,0,
127,2015-11-12,21-016,BUF,FLA,W,0,2,2,1,0,0,0,0,0,1,1,0,1,0.0,30,24:05,4,0,0,
128,2015-11-14,21-018,BUF,SJS,L-OT,0,1,1,0,0,0,0,0,0,1,0,0,3,0.0,35,29:01,1,0,0,
129,2015-11-17,21-021,BUF,DAL,L,0,0,0,-1,0,0,0,0,0,0,0,0,2,0.0,30,22:04,0,0,0,
130,2015-11-19,21-023,BUF,STL,L-SO,0,1,1,2,0,0,0,0,0,1,0,0,5,0.0,30,26:51,0,0,0,
131,2015-11-21,21-025,BUF,DAL,L,0,0,0,-2,0,0,0,0,0,0,0,0,3,0.0,31,19:50,1,0,0,
132,2015-11-23,21-027,BUF,STL,L,0,0,0,0,0,0,0,0,0,0,0,0,0,,32,21:05,3,0,0,
133,2015-11-25,21-029,BUF,NSH,L,0,1,1,0,0,0,0,0,0,1,0,0,4,0.0,30,21:33,2,0,0,
134,2015-11-27,21-031,BUF,CAR,W,0,1,1,3,0,0,0,0,0,1,0,0,1,0.0,28,24:25,0,0,0,
135,2015-11-28,21-032,BUF,NSH,W,0,0,0,0,0,0,0,0,0,0,0,0,1,0.0,35,27:36,3,0,0,
136,2015-12-01,21-035,BUF,DET,L-SO,0,3,3,1,0,0,0,0,0,2,1,0,4,0.0,35,27:55,2,0,0,
137,2015-12-04,21-038,BUF,ARI,W,0,1,1,1,0,0,0,0,0,1,0,0,0,,30,22:17,3,0,0,
138,2015-12-06,21-040,BUF,EDM,L,0,0,0,0,0,0,0,0,0,0,0,0,2,0.0,34,24:26,3,0,0,
139,2015-12-07,21-041,BUF,VAN,L,0,0,0,-1,0,0,0,0,0,0,0,0,4,0.0,32,24:06,0,0,0,
140,2015-12-10,21-044,BUF,CGY,L,3,0,3,-2,0,1,2,0,0,0,0,0,4,75.0,38,25:35,0,0,0,
141,2015-12-12,21-046,BUF,LAK,W,0,1,1,0,0,0,0,0,0,0,1,0,2,0.0,36,27:30,4,0,0,
142,2015-12-14,21-048,BUF,DET,W,0,1,1,1,0,0,0,0,0,1,0,0,1,0.0,30,26:02,0,0,0,
143,2015-12-15,21-049,BUF,NJD,L,0,0,0,0,0,0,0,0,0,0,0,0,2,0.0,31,27:59,0,0,0,
144,2015-12-17,21-051,BUF,ANA,W,0,1,1,1,0,0,0,0,0,1,0,0,4,0.0,30,26:42,0,0,0,
145,2015-12-19,21-053,BUF,CHI,L-SO,0,0,0,-1,2,0,0,0,0,0,0,0,3,0.0,33,26:17,0,0,0,
146,2015-12-26,21-060,BUF,BOS,W,0,0,0,1,0,0,0,0,0,0,0,0,1,0.0,29,27:04,2,0,0,
147,2015-12-28,21-062,BUF,WSH,L,0,0,0,-2,0,0,0,0,0,0,0,0,2,0.0,30,25:03,1,0,0,
148,2015-12-30,21-064,BUF,WSH,L,0,0,0,-1,0,0,0,0,0,0,0,0,1,0.0,34,25:19,1,0,0,
149,2015-12-31,21-065,BUF,NYI,L,0,1,1,-1,0,0,0,0,0,0,1,0,5,0.0,28,25:47,0,0,0,
150,2016-01-02,21-067,BUF,DET,L,0,1,1,0,0,0,0,0,0,0,1,0,3,0.0,29,24:10,1,0,0,
151,2016-01-05,21-070,BUF,FLA,L,0,0,0,-2,0,0,0,0,0,0,0,0,4,0.0,30,27:31,0,0,0,
152,2016-01-08,21-073,BUF,CHI,L,0,0,0,-1,2,0,0,0,0,0,0,0,2,0.0,35,21:36,4,0,0,
153,2016-01-10,21-075,BUF,WPG,W,0,1,1,2,0,0,0,0,0,0,1,0,1,0.0,32,26:30,3,0,0,
154,2016-01-12,21-077,BUF,MIN,W,1,0,1,0,0,1,0,0,0,0,0,0,2,50.0,30,23:16,1,0,0,
155,2016-01-15,21-080,BUF,BOS,L,0,0,0,-1,0,0,0,0,0,0,0,0,1,0.0,30,25:40,3,0,0,
156,2016-01-16,21-081,BUF,WSH,W,0,1,1,2,0,0,0,0,0,1,0,0,4,0.0,30,27:27,2,0,0,
157,2016-01-18,21-083,BUF,ARI,W,0,2,2,-1,10,0,0,0,0,0,2,0,0,,34,30:15,6,0,0,
158,2016-01-20,21-085,BUF,COL,L,0,0,0,0,0,0,0,0,0,0,0,0,2,0.0,31,28:17,0,0,0,
159,2016-01-22,21-087,BUF,DET,L,0,0,0,-3,0,0,0,0,0,0,0,0,1,0.0,27,28:15,1,0,0,
160,2016-01-25,21-090,BUF,NYR,L,0,0,0,-3,0,0,0,0,0,0,0,0,1,0.0,29,28:12,2,0,0,
161,2016-01-26,21-091,BUF,OTT,W,0,0,0,0,0,0,0,0,0,0,0,0,1,0.0,30,28:01,1,0,0,
162,2016-02-03,21-099,BUF,MTL,W,0,1,1,0,0,0,0,0,0,0,1,0,3,0.0,34,23:58,1,0,0,
163,2016-02-04,21-100,BUF,BOS,L-SO,0,0,0,0,2,0,0,0,0,0,0,0,1,0.0,30,27:54,1,0,0,
164,2016-02-06,21-102,BUF,BOS,L-OT,0,0,0,1,0,0,0,0,0,0,0,0,5,0.0,35,25:59,0,0,0,
165,2016-02-09,21-105,BUF,FLA,L,0,1,1,-4,0,0,0,0,0,0,1,0,2,0.0,27,25:11,0,0,0,
166,2016-02-11,21-107,BUF,PHI,L,0,0,0,-2,0,0,0,0,0,0,0,0,4,0.0,31,27:08,2,0,0,
167,2016-02-12,21-108,BUF,MTL,W,0,0,0,3,0,0,0,0,0,0,0,0,0,,34,26:21,2,0,0,
168,2016-02-14,21-110,BUF,COL,W,0,0,0,3,0,0,0,0,0,0,0,0,1,0.0,30,27:13,2,0,0,
169,2016-02-16,21-112,BUF,OTT,L-SO,0,0,0,0,0,0,0,0,0,0,0,0,5,0.0,31,27:01,1,0,0,
170,2016-02-19,21-115,BUF,CBJ,W,0,1,1,1,2,0,0,0,0,0,1,0,0,,32,23:49,0,0,0,
171,2016-02-21,21-117,BUF,PIT,L,0,1,1,-2,0,0,0,0,0,1,0,0,3,0.0,35,25:58,3,0,0,
172,2016-02-24,21-120,BUF,ANA,L,0,0,0,0,0,0,0,0,0,0,0,0,3,0.0,32,27:25,1,0,0,
173,2016-02-26,21-122,BUF,SJS,W,0,0,0,-1,0,0,0,0,0,0,0,0,1,0.0,32,23:37,2,0,0,
174,2016-02-27,21-123,BUF,LAK,L,0,0,0,-2,0,0,0,0,0,0,0,0,3,0.0,30,26:13,2,0,0,
175,2016-03-01,21-126,BUF,EDM,L-OT,0,0,0,-1,0,0,0,0,0,0,0,0,4,0.0,31,24:03,1,0,0,
176,2016-03-03,21-128,BUF,CGY,W,1,0,1,2,0,1,0,0,0,0,0,0,4,25.0,28,24:25,2,0,0,
177,2016-03-05,21-130,BUF,MIN,L-SO,0,1,1,-1,0,0,0,0,0,0,1,0,3,0.0,31,23:04,0,0,0,
178,2016-03-07,21-132,BUF,TOR,W,0,0,0,1,0,0,0,0,0,0,0,0,2,0.0,34,28:18,4,0,0,
179,2016-03-08,21-133,BUF,NYR,L,0,0,0,-1,2,0,0,0,0,0,0,0,6,0.0,30,23:59,1,0,0,
180,2016-03-10,21-135,BUF,MTL,L,0,0,0,-1,0,0,0,0,0,0,0,0,5,0.0,37,26:36,5,0,0,
181,2016-03-12,21-137,BUF,CAR,W,0,0,0,0,0,0,0,0,0,0,0,0,1,0.0,34,26:16,2,0,0,
182,2016-03-16,21-141,BUF,MTL,L-OT,0,1,1,1,0,0,0,0,0,0,1,0,3,0.0,32,27:26,2,0,0,
183,2016-03-18,21-143,BUF,OTT,W,0,1,1,-1,9,0,0,0,0,0,1,0,3,0.0,29,19:18,1,0,0,
184,2016-03-19,21-144,BUF,TOR,L,0,0,0,-1,2,0,0,0,0,0,0,0,4,0.0,33,23:36,1,0,0,
185,2016-03-22,21-147,BUF,CAR,W,0,0,0,0,0,0,0,0,0,0,0,0,2,0.0,38,23:25,5,0,0,
186,2016-03-26,21-151,BUF,WPG,W,0,0,0,1,0,0,0,0,0,0,0,0,0,,24,23:06,2,0,0,
187,2016-03-28,21-153,BUF,DET,L,0,1,1,1,0,0,0,0,0,1,0,0,2,0.0,34,26:21,1,0,0,
188,2016-03-29,21-154,BUF,PIT,L-SO,0,0,0,-2,2,0,0,0,0,0,0,0,4,0.0,39,29:10,3,0,0,
189,2016-03-31,21-156,BUF,TOR,W,0,0,0,0,0,0,0,0,0,0,0,0,4,0.0,29,25:00,4,0,0,
190,2016-04-02,21-158,BUF,NYR,W,0,0,0,0,0,0,0,0,0,0,0,0,2,0.0,30,25:05,1,0,0,
191,2016-04-05,21-161,BUF,NJD,W,0,1,1,1,0,0,0,0,0,0,1,0,1,0.0,37,25:23,2,0,0,
192,2016-04-08,21-164,BUF,CBJ,L,0,0,0,-2,0,0,0,0,0,0,0,0,2,0.0,33,27:40,4,0,0,
193,2016-04-09,21-165,BUF,NYI,W,0,0,0,-1,0,0,0,0,0,0,0,0,1,0.0,31,23:34,1,0,0,
194,2016-10-13,21-352,BUF,MTL,L,0,1,1,-2,0,0,0,0,0,0,1,0,5,0.0,31,23:17,2,0,0,
195,2016-10-16,21-355,BUF,EDM,W,0,3,3,1,0,0,0,0,0,1,2,0,2,0.0,33,26:43,1,0,0,
196,2016-10-18,21-357,BUF,CGY,L-OT,0,1,1,-2,0,0,0,0,0,0,1,0,0,,33,26:04,2,0,0,
197,2016-10-20,21-359,BUF,VAN,L,0,0,0,1,2,0,0,0,0,0,0,0,0,,28,23:28,1,0,0,
198,2016-10-25,21-364,BUF,PHI,L-SO,0,1,1,0,2,0,0,0,0,0,1,0,0,,37,25:16,2,0,0,
199,2016-10-27,22-000,BUF,MIN,L,0,0,0,-1,2,0,0,0,0,0,0,0,5,0.0,31,26:43,5,0,0,
200,2016-10-29,22-002,BUF,FLA,W,0,1,1,0,2,0,0,0,0,0,1,0,1,0.0,28,24:02,2,0,0,
201,2016-10-30,22-003,BUF,WPG,W,0,0,0,1,2,0,0,0,0,0,0,0,3,0.0,27,26:23,3,0,0,
202,2016-11-01,22-005,BUF,MIN,W,0,0,0,1,0,0,0,0,0,0,0,0,1,0.0,32,25:18,1,0,0,
203,2016-11-03,22-007,BUF,TOR,L,0,0,0,0,0,0,0,0,0,0,0,0,3,0.0,28,25:29,3,0,0,
204,2016-11-05,22-009,BUF,OTT,W,0,1,1,1,0,0,0,0,0,1,0,0,0,,31,25:54,0,0,0,
205,2016-11-07,22-011,BUF,BOS,L,0,0,0,0,0,0,0,0,0,0,0,0,0,,25,21:16,3,0,0,
206,2016-11-09,22-013,BUF,OTT,L-SO,0,0,0,-1,0,0,0,0,0,0,0,0,4,0.0,33,29:57,4,0,0,
207,2016-11-11,22-015,BUF,NJD,L-OT,0,0,0,0,2,0,0,0,0,0,0,0,2,0.0,32,24:48,4,0,0,
208,2016-11-12,22-016,BUF,NJD,L,0,0,0,-2,0,0,0,0,0,0,0,0,2,0.0,33,27:15,1,0,0,
209,2016-11-15,22-019,BUF,STL,L,0,0,0,0,0,0,0,0,0,0,0,0,2,0.0,33,27:37,2,0,0,
210,2016-11-17,22-021,BUF,TBL,L,0,0,0,0,0,0,0,0,0,0,0,0,4,0.0,28,29:53,2,0,0,
211,2016-11-19,22-023,BUF,PIT,W,0,0,0,0,0,0,0,0,0,0,0,0,4,0.0,37,29:56,1,0,0,
212,2016-11-21,22-025,BUF,CGY,W,0,1,1,0,0,0,0,0,0,0,1,0,1,0.0,30,24:57,3,0,0,
213,2016-11-23,22-027,BUF,DET,L-SO,0,0,0,1,0,0,0,0,0,0,0,0,5,0.0,34,29:02,3,0,0,
214,2016-11-25,22-029,BUF,WSH,L,0,0,0,-2,0,0,0,0,0,0,0,0,5,0.0,32,27:26,4,0,0,
215,2016-11-29,22-033,BUF,OTT,W,0,2,2,-1,0,0,0,0,0,0,2,0,3,0.0,31,27:54,3,0,0,
216,2016-12-01,22-035,BUF,NYR,W,0,1,1,0,0,0,0,0,0,0,1,0,2,0.0,29,26:32,0,0,0,
217,2016-12-03,22-037,BUF,BOS,L,0,0,0,-2,0,0,0,0,0,0,0,0,3,0.0,30,29:09,4,0,0,
218,2016-12-05,22-039,BUF,WSH,L-OT,0,1,1,1,0,0,0,0,0,1,0,0,3,0.0,29,29:51,11,0,0,
219,2016-12-06,22-040,BUF,EDM,W,1,2,3,1,0,0,1,0,1,2,0,0,3,33.3,29,29:58,4,0,0,
220,2016-12-09,22-043,BUF,WSH,L,0,1,1,0,0,0,0,0,0,0,1,0,4,0.0,31,30:11,2,0,0,
221,2016-12-13,22-047,BUF,LAK,W,0,2,2,1,0,0,0,0,0,2,0,0,0,,26,22:04,5,0,0,
222,2016-12-16,22-050,BUF,NYI,W,1,1,2,2,0,1,0,0,1,1,0,0,3,33.3,32,26:56,4,0,0,
223,2016-12-17,22-051,BUF,CAR,L-SO,0,0,0,1,0,0,0,0,0,0,0,0,1,0.0,27,25:18,1,0,0,
224,2016-12-20,22-054,BUF,FLA,L-SO,1,1,2,0,0,1,0,0,0,0,1,0,1,100.0,34,28:57,1,0,0,
225,2016-12-22,22-056,BUF,CAR,L,0,0,0,-1,0,0,0,0,0,0,0,0,0,,30,27:31,3,0,0,
226,2016-12-23,22-057,BUF,NYI,L,0,0,0,-2,2,0,0,0,0,0,0,0,1,0.0,27,22:27,3,0,0,
227,2016-12-27,22-061,BUF,DET,W,0,1,1,0,0,0,0,0,0,0,1,0,4,0.0,26,25:36,2,0,0,
228,2016-12-29,22-063,BUF,BOS,L,0,0,0,-2,0,0,0,0,0,0,0,0,2,0.0,32,29:35,6,0,0,
229,2016-12-31,22-065,BUF,BOS,L,0,1,1,1,2,0,0,0,0,1,0,0,2,0.0,32,28:56,4,0,0,
230,2017-01-03,22-068,BUF,NYR,W,0,0,0,1,0,0,0,0,0,0,0,0,0,,29,26:17,3,0,0,
231,2017-01-05,22-070,BUF,CHI,L-OT,0,1,1,-1,0,0,0,0,0,0,1,0,3,0.0,36,28:50,1,0,0,
232,2017-01-07,22-072,BUF,WPG,W,0,0,0,2,0,0,0,0,0,0,0,0,4,0.0,26,30:22,3,0,0,
233,2017-01-10,22-075,BUF,PHI,W,0,1,1,1,0,0,0,0,0,0,1,0,1,0.0,27,27:51,2,0,0,
234,2017-01-12,22-077,BUF,TBL,L,0,0,0,-2,0,0,0,0,0,0,0,0,2,0.0,26,27:20,1,0,0,
235,2017-01-13,22-078,BUF,CAR,L,0,0,0,-1,2,0,0,0,0,0,0,0,2,0.0,27,20:54,0,0,0,
236,2017-01-16,22-081,BUF,DAL,W,0,0,0,1,0,0,0,0,0,0,0,0,3,0.0,28,26:13,1,0,0,
237,2017-01-17,22-082,BUF,TOR,L,0,0,0,1,0,0,0,0,0,0,0,0,1,0.0,26,26:05,3,0,0,
238,2017-01-20,22-085,BUF,DET,W,0,1,1,1,0,0,0,0,0,0,1,0,3,0.0,34,35:24,3,0,0,
239,2017-01-21,22-086,BUF,MTL,W,0,0,0,0,0,0,0,0,0,0,0,0,3,0.0,30,29:36,2,0,0,
240,2017-01-24,22-089,BUF,NSH,W,0,0,0,-1,0,0,0,0,0,0,0,0,0,,30,29:54,1,0,0,
241,2017-01-26,22-091,BUF,DAL,L,0,0,0,0,0,0,0,0,0,0,0,0,4,0.0,32,29:23,3,0,0,
242,2017-01-31,22-096,BUF,MTL,L,0,0,0,0,0,0,0,0,0,0,0,0,6,0.0,28,26:02,5,0,0,
243,2017-02-02,22-098,BUF,NYR,L-OT,0,0,0,-1,0,0,0,0,0,0,0,0,3,0.0,40,32:47,2,0,0,
244,2017-02-04,22-100,BUF,OTT,W,0,1,1,1,0,0,0,0,0,1,0,0,0,,30,25:11,4,0,0,
245,2017-02-06,22-102,BUF,NJD,L,0,0,0,0,0,0,0,0,0,0,0,0,1,0.0,35,24:33,1,0,0,
246,2017-02-07,22-103,BUF,SJS,W,0,1,1,-1,0,0,0,0,0,0,1,0,3,0.0,29,28:56,1,0,0,
247,2017-02-09,22-105,BUF,ANA,L,1,0,1,-1,0,1,0,0,0,0,0,0,3,33.3,29,28:35,1,0,0,
248,2017-02-11,22-107,BUF,TOR,W,0,0,0,1,7,0,0,0,0,0,0,0,3,0.0,29,23:49,3,0,0,
249,2017-02-12,22-108,BUF,VAN,L,0,1,1,0,0,0,0,0,0,1,0,0,2,0.0,33,30:00,2,0,0,
250,2017-02-14,22-110,BUF,OTT,W,0,1,1,1,0,0,0,0,0,1,0,0,2,0.0,30,26:03,2,0,0,
251,2017-02-16,22-112,BUF,COL,W,0,1,1,0,0,0,0,0,0,0,1,0,5,0.0,28,23:39,3,0,0,
252,2017-02-18,22-114,BUF,STL,W,0,1,1,0,0,0,0,0,0,0,1,0,3,0.0,27,25:48,2,0,0,
253,2017-02-19,22-115,BUF,CHI,L,0,1,1,-1,0,0,0,0,0,1,0,0,0,,26,23:15,3,0,0,
254,2017-02-25,22-121,BUF,COL,L,0,1,1,-3,0,0,0,0,0,0,1,0,6,0.0,28,25:30,0,0,0,
255,2017-02-26,22-122,BUF,ARI,L,0,0,0,1,0,0,0,0,0,0,0,0,1,0.0,29,25:39,0,0,0,
256,2017-02-28,22-124,BUF,NSH,L-OT,0,0,0,0,2,0,0,0,0,0,0,0,5,0.0,29,25:18,4,0,0,
257,2017-03-02,22-126,BUF,ARI,W,0,1,1,2,0,0,0,0,0,0,0,1,6,0.0,26,24:39,1,0,0,
258,2017-03-04,22-128,BUF,TBL,L-SO,0,1,1,-1,0,0,0,0,0,0,1,0,1,0.0,34,33:13,4,0,0,
259,2017-03-05,22-129,BUF,PIT,L,0,0,0,0,0,0,0,0,0,0,0,0,5,0.0,29,29:50,2,0,0,
260,2017-03-07,22-131,BUF,PHI,L,0,1,1,-5,0,0,0,0,0,0,1,0,4,0.0,29,25:45,7,0,0,
261,2017-03-10,22-134,BUF,CBJ,L,1,0,1,1,2,1,0,0,0,0,0,0,2,50.0,29,23:13,0,0,0,
262,2017-03-11,22-135,BUF,CBJ,W,0,2,2,2,0,0,0,0,0,1,1,0,0,,30,32:07,2,0,0,
263,2017-03-14,22-138,BUF,SJS,L,0,0,0,-1,0,0,0,0,0,0,0,0,1,0.0,28,25:48,0,0,0,
264,2017-03-16,22-140,BUF,LAK,L,0,0,0,0,0,0,0,0,0,0,0,0,2,0.0,34,26:35,6,0,0,
265,2017-03-17,22-141,BUF,ANA,W,0,0,0,0,0,0,0,0,0,0,0,0,2,0.0,34,30:02,4,0,0,
266,2017-03-20,22-144,BUF,DET,W,0,1,1,-1,0,0,0,0,0,0,1,0,3,0.0,32,27:39,1,0,0,
267,2017-03-21,22-145,BUF,PIT,L,0,0,0,0,15,0,0,0,0,0,0,0,1,0.0,5,3:04,1,0,0,
268,2017-04-02,22-157,BUF,NYI,L,0,0,0,0,0,0,0,0,0,0,0,0,3,0.0,26,26:23,3,0,0,
269,2017-04-03,22-158,BUF,TOR,L,0,0,0,0,12,0,0,0,0,0,0,0,0,,27,20:03,1,0,0,
270,2017-04-05,22-160,BUF,MTL,W,1,0,1,1,2,1,0,0,0,0,0,0,3,33.3,26,23:03,2,0,0,
271,2017-04-08,22-163,BUF,FLA,L,0,0,0,-1,0,0,0,0,0,0,0,0,2,0.0,27,22:56,1,0,0,
272,2017-04-09,22-164,BUF,TBL,L,0,0,0,0,0,0,0,0,0,0,0,0,1,0.0,23,21:45,2,0,0,
273,2017-10-05,22-343,BUF,MTL,L-SO,0,0,0,0,0,0,0,0,0,0,0,0,4,0.0,32,26:58,5,0,0,
274,2017-10-07,22-345,BUF,NYI,L,0,1,1,0,2,0,0,0,0,1,0,0,2,0.0,26,24:27,0,0,0,
275,2017-10-09,22-347,BUF,NJD,L,0,1,1,-3,0,0,0,0,0,0,1,0,1,0.0,30,26:37,3,0,0,
276,2017-10-12,22-350,BUF,SJS,L,0,0,0,-1,0,0,0,0,0,0,0,0,6,0.0,31,26:56,2,0,0,
277,2017-10-14,22-352,BUF,LAK,L,0,0,0,0,0,0,0,0,0,0,0,0,0,,29,28:12,6,0,0,
278,2017-10-15,22-353,BUF,ANA,W,0,0,0,0,0,0,0,0,0,0,0,0,2,0.0,29,26:50,3,0,0,
279,2017-10-17,22-355,BUF,VEG,L-OT,0,1,1,-1,2,0,0,0,0,0,1,0,0,,32,28:48,3,0,0,
280,2017-10-20,22-358,BUF,VAN,L,0,1,1,-1,0,0,0,0,0,1,0,0,3,0.0,29,28:37,1,0,0,
281,2017-10-21,22-359,BUF,BOS,W,0,0,0,3,0,0,0,0,0,0,0,0,2,0.0,37,29:40,7,0,0,
282,2017-10-24,22-362,BUF,DET,W,0,0,0,0,0,0,0,0,0,0,0,0,1,0.0,29,29:25,2,0,0,
283,2017-10-25,22-363,BUF,CBJ,L,0,0,0,-1,0,0,0,0,0,0,0,0,2,0.0,29,25:45,3,0,0,
284,2017-10-28,23-001,BUF,SJS,L,0,0,0,-1,0,0,0,0,0,0,0,0,4,0.0,31,26:25,1,0,0,
285,2017-11-02,23-006,BUF,ARI,W,0,1,1,1,0,0,0,0,0,1,0,0,5,0.0,28,24:24,2,0,0,
286,2017-11-24,23-028,BUF,EDM,W,0,2,2,2,0,0,0,0,0,2,0,0,5,0.0,32,27:32,3,0,0,
287,2017-11-25,23-029,BUF,MTL,L,0,0,0,-2,0,0,0,0,0,0,0,0,2,0.0,28,25:49,5,0,0,
288,2017-11-28,23-032,BUF,TBL,L,0,0,0,-1,2,0,0,0,0,0,0,0,4,0.0,28,25:09,2,0,0,
289,2017-12-01,23-035,BUF,PIT,L,0,0,0,-2,0,0,0,0,0,0,0,0,1,0.0,25,22:35,4,0,0,
290,2017-12-02,23-036,BUF,PIT,L,0,0,0,-2,0,0,0,0,0,0,0,0,5,0.0,30,28:11,1,0,0,
291,2017-12-05,23-039,BUF,COL,W,0,0,0,4,2,0,0,0,0,0,0,0,4,0.0,29,30:42,2,0,0,
292,2017-12-08,23-042,BUF,CHI,L-OT,0,0,0,-2,0,0,0,0,0,0,0,0,3,0.0,37,31:44,2,0,0,
293,2017-12-10,23-044,BUF,STL,L-OT,0,0,0,-1,0,0,0,0,0,0,0,0,4,0.0,30,29:17,8,0,0,
294,2017-12-12,23-046,BUF,OTT,W,0,2,2,-1,0,0,0,0,0,1,1,0,0,,25,22:31,3,0,0,
295,2017-12-14,23-048,BUF,PHI,L,0,0,0,0,0,0,0,0,0,0,0,0,3,0.0,31,23:04,4,0,0,
296,2017-12-15,23-049,BUF,CAR,L-OT,0,0,0,-1,0,0,0,0,0,0,0,0,1,0.0,26,26:25,2,0,0,
297,2017-12-19,23-053,BUF,BOS,L,0,0,0,-3,0,0,0,0,0,0,0,0,4,0.0,29,24:34,1,0,0,
298,2017-12-22,23-056,BUF,PHI,W,0,0,0,2,2,0,0,0,0,0,0,0,0,,29,28:06,1,0,0,
299,2017-12-23,23-057,BUF,CAR,L,0,0,0,-1,0,0,0,0,0,0,0,0,1,0.0,30,25:48,2,0,0,
300,2017-12-27,23-061,BUF,NYI,L-OT,0,0,0,0,0,0,0,0,0,0,0,0,2,0.0,30,27:12,1,0,0,
301,2017-12-29,23-063,BUF,NJD,W,1,1,2,1,0,1,0,0,1,0,1,0,3,33.3,32,25:52,6,0,0,
302,2018-01-01,23-066,BUF,NYR,L-OT,1,1,2,1,0,1,0,0,0,0,1,0,2,50.0,30,26:00,1,0,0,
303,2018-01-04,23-069,BUF,MIN,L,0,0,0,-1,15,0,0,0,0,0,0,0,3,0.0,6,5:43,0,0,0,
304,2018-01-05,23-070,BUF,WPG,L,0,1,1,0,2,0,0,0,0,1,0,0,1,0.0,29,26:24,5,0,0,
305,2018-01-07,23-072,BUF,PHI,L,0,1,1,-2,0,0,0,0,0,0,1,0,2,0.0,29,25:17,4,0,0,
306,2018-01-09,23-074,BUF,WPG,L,0,1,1,1,0,0,0,0,0,1,0,0,1,0.0,30,27:07,1,0,0,
307,2018-01-11,23-076,BUF,CBJ,W,0,0,0,1,2,0,0,0,0,0,0,0,2,0.0,26,28:16,3,0,0,
308,2018-01-18,23-083,BUF,NYR,L,1,0,1,-1,2,0,1,0,0,0,0,0,5,20.0,30,26:18,4,0,0,
309,2018-01-20,23-085,BUF,DAL,L,0,1,1,-1,0,0,0,0,0,0,1,0,3,0.0,25,23:51,0,0,0,
310,2018-01-22,23-087,BUF,CGY,W,0,1,1,1,0,0,0,0,0,1,0,0,2,0.0,36,32:26,3,0,0,
311,2018-01-23,23-088,BUF,EDM,W,0,2,2,1,0,0,0,0,0,0,2,0,2,0.0,29,24:26,2,0,0,
312,2018-01-25,23-090,BUF,VAN,W,0,1,1,2,0,0,0,0,0,0,1,0,0,,31,26:12,1,0,0,
313,2018-01-30,23-095,BUF,NJD,L,0,0,0,-2,0,0,0,0,0,0,0,0,3,0.0,32,27:14,3,0,0,
314,2018-02-01,23-097,BUF,FLA,L,0,0,0,0,0,0,0,0,0,0,0,0,1,0.0,30,27:24,3,0,0,
315,2018-02-03,23-099,BUF,STL,L,0,0,0,0,0,0,0,0,0,0,0,0,3,0.0,24,27:23,4,0,0,
316,2018-02-06,23-102,BUF,ANA,L-OT,0,0,0,-2,2,0,0,0,0,0,0,0,3,0.0,35,32:39,5,0,0,
317,2018-02-08,23-104,BUF,NYI,W,0,1,1,1,0,0,0,0,0,0,1,0,1,0.0,27,27:37,6,0,0,
318,2018-02-10,23-106,BUF,BOS,W,1,0,1,2,0,1,0,0,0,0,0,0,3,33.3,34,27:03,5,0,0,
319,2018-02-11,23-107,BUF,COL,L,0,1,1,-3,0,0,0,0,0,0,1,0,1,0.0,19,23:48,2,0,0,
320,2018-02-13,23-109,BUF,TBL,W,0,1,1,0,0,0,0,0,0,0,1,0,1,0.0,26,28:26,1,0,0,
321,2018-02-15,23-111,BUF,OTT,L-OT,0,0,0,-1,0,0,0,0,0,0,0,0,3,0.0,29,28:18,4,0,0,
322,2018-02-17,23-113,BUF,LAK,L,1,0,1,0,2,1,0,0,0,0,0,0,5,20.0,25,25:36,1,0,0,
323,2018-02-19,23-115,BUF,WSH,L,0,0,0,-1,0,0,0,0,0,0,0,0,3,0.0,28,27:12,5,0,0,
324,2018-02-22,23-118,BUF,DET,W,1,1,2,1,0,1,0,0,0,0,1,0,3,33.3,27,28:00,3,0,0,
325,2018-02-24,23-120,BUF,WSH,L,0,0,0,-3,0,0,0,0,0,0,0,0,2,0.0,28,24:00,5,0,0,
326,2018-02-25,23-121,BUF,BOS,W,0,1,1,0,0,0,0,0,0,1,0,0,5,0.0,27,28:07,4,0,0,
327,2018-02-28,23-124,BUF,TBL,W,0,1,1,0,0,0,0,0,0,0,1,0,2,0.0,30,28:28,1,0,0,
328,2018-03-02,23-126,BUF,FLA,L,0,0,0,0,2,0,0,0,0,0,0,0,3,0.0,29,23:55,3,0,0,
329,2018-03-05,23-129,BUF,TOR,W,0,2,2,3,5,0,0,0,0,1,1,0,1,0.0,26,25:52,4,0,0,
330,2018-03-07,23-131,BUF,CGY,L,0,0,0,-2,0,0,0,0,0,0,0,0,1,0.0,26,22:57,4,0,0,
331,2018-03-08,23-132,BUF,OTT,W,0,0,0,2,2,0,0,0,0,0,0,0,1,0.0,32,31:52,2,0,0,
332,2018-03-10,23-134,BUF,VEG,L-SO,0,0,0,-1,0,0,0,0,0,0,0,0,2,0.0,32,29:20,0,0,0,
333,2018-03-15,23-139,BUF,TOR,L,0,1,1,-1,0,0,0,0,0,0,1,0,8,0.0,28,27:11,4,0,0,
334,2018-03-17,23-141,BUF,CHI,W,0,1,1,0,2,0,0,0,0,1,0,0,3,0.0,30,24:18,2,1,0,100.0
335,2018-03-19,23-143,BUF,NSH,L,0,0,0,0,0,0,0,0,0,0,0,0,4,0.0,30,24:43,5,0,0,
336,2018-03-21,23-145,BUF,ARI,L,0,0,0,-1,0,0,0,0,0,0,0,0,4,0.0,28,26:22,3,0,0,
337,2018-03-23,23-147,BUF,MTL,L,0,0,0,-2,0,0,0,0,0,0,0,0,1,0.0,27,26:36,3,0,0,
338,2018-03-24,23-148,BUF,NYR,L,0,0,0,-1,0,0,0,0,0,0,0,0,5,0.0,30,25:34,0,0,0,
339,2018-03-26,23-150,BUF,TOR,W,0,0,0,1,0,0,0,0,0,0,0,0,1,0.0,34,26:29,4,0,0,
340,2018-03-29,23-153,BUF,DET,L,0,1,1,-1,2,0,0,0,0,0,1,0,3,0.0,28,27:53,2,0,0,
341,2018-03-31,23-155,BUF,NSH,W,0,3,3,0,0,0,0,0,0,0,3,0,0,,32,28:05,1,0,0,
342,2018-04-02,23-157,BUF,TOR,L,0,1,1,-2,0,0,0,0,0,0,1,0,2,0.0,31,26:00,3,0,0,
343,2018-04-04,23-159,BUF,OTT,L,0,0,0,-1,0,0,0,0,0,0,0,0,1,0.0,27,25:23,1,0,0,
344,2018-04-06,23-161,BUF,TBL,L,0,1,1,-2,0,0,0,0,0,1,0,0,4,0.0,31,26:52,4,0,0,
345,2018-04-07,23-162,BUF,FLA,L,0,0,0,0,0,0,0,0,0,0,0,0,2,0.0,29,24:15,0,0,0,
346,2018-10-04,23-342,BUF,BOS,L,0,0,0,-2,0,0,0,0,0,0,0,0,2,0.0,27,24:12,5,0,0,
347,2018-10-06,23-344,BUF,NYR,W,0,1,1,1,0,0,0,0,0,0,1,0,4,0.0,28,26:57,2,0,0,
348,2018-10-08,23-346,BUF,VEG,W,0,1,1,0,0,0,0,0,0,0,1,0,2,0.0,26,25:40,1,0,0,
349,2018-10-11,23-349,BUF,COL,L,0,0,0,-2,0,0,0,0,0,0,0,0,4,0.0,27,27:07,3,0,0,
350,2018-10-13,23-351,BUF,ARI,W,0,1,1,1,2,0,0,0,0,1,0,0,0,,29,24:42,4,0,0,
351,2018-10-16,23-354,BUF,VEG,L,0,0,0,-3,0,0,0,0,0,0,0,0,1,0.0,30,24:29,2,0,0,
352,2018-10-18,23-356,BUF,SJS,L,0,0,0,-1,0,0,0,0,0,0,0,0,1,0.0,31,24:29,5,0,0,
353,2018-10-20,23-358,BUF,LAK,W,0,0,0,1,0,0,0,0,0,0,0,0,0,,31,26:17,0,0,0,
354,2018-10-21,23-359,BUF,ANA,W,1,0,1,-1,0,0,1,0,1,0,0,0,5,20.0,26,24:07,5,0,0,
355,2018-10-25,23-363,BUF,MTL,W,0,0,0,0,2,0,0,0,0,0,0,0,1,0.0,31,26:05,3,0,0,
356,2018-10-27,24-000,BUF,CBJ,L-OT,0,0,0,-2,2,0,0,0,0,0,0,0,4,0.0,32,23:14,1,0,0,
357,2018-10-30,24-003,BUF,CGY,L-OT,0,0,0,-2,0,0,0,0,0,0,0,0,3,0.0,29,25:48,3,0,0,
358,2018-11-01,24-005,BUF,OTT,L,0,1,1,-1,0,0,0,0,0,0,1,0,3,0.0,27,26:28,3,0,0,
359,2018-11-03,24-007,BUF,OTT,W,0,1,1,1,0,0,0,0,0,1,0,0,3,0.0,25,22:46,1,0,0,
360,2018-11-04,24-008,BUF,NYR,L,0,0,0,-2,0,0,0,0,0,0,0,0,2,0.0,25,25:13,4,0,0,
361,2018-11-08,24-012,BUF,MTL,W,1,0,1,0,2,1,0,0,1,0,0,0,3,33.3,29,26:25,4,0,0,
362,2018-11-10,24-014,BUF,VAN,W,0,2,2,1,2,0,0,0,0,2,0,0,6,0.0,24,25:11,2,0,0,
363,2018-11-13,24-017,BUF,TBL,W,0,0,0,0,0,0,0,0,0,0,0,0,2,0.0,25,28:08,9,0,0,
364,2018-11-16,24-020,BUF,WPG,W,0,0,0,0,0,0,0,0,0,0,0,0,0,,30,26:31,3,0,0,
365,2018-11-17,24-021,BUF,MIN,W,0,0,0,0,0,0,0,0,0,0,0,0,0,,29,21:30,6,0,0,
366,2018-11-19,24-023,BUF,PIT,W,0,2,2,2,0,0,0,0,0,2,0,0,2,0.0,31,26:56,6,0,0,
367,2018-11-21,24-025,BUF,PHI,W,0,1,1,1,2,0,0,0,0,1,0,0,1,0.0,28,23:06,3,0,0,
368,2018-11-23,24-027,BUF,MTL,W,0,0,0,1,0,0,0,0,0,0,0,0,4,0.0,29,27:19,1,0,0,
369,2018-11-24,24-028,BUF,DET,W,0,1,1,-1,0,0,0,0,0,0,1,0,3,0.0,30,27:10,3,0,0,
370,2018-11-27,24-031,BUF,SJS,W,1,0,1,0,0,1,0,0,0,0,0,0,4,25.0,30,21:48,3,0,0,
371,2018-11-29,24-033,BUF,TBL,L,0,1,1,1,0,0,0,0,0,1,0,0,1,0.0,31,28:52,3,0,0,
372,2018-11-30,24-034,BUF,FLA,L-OT,0,0,0,-1,2,0,0,0,0,0,0,0,3,0.0,34,26:44,1,0,0,
373,2018-12-03,24-037,BUF,NSH,L,0,0,0,1,0,0,0,0,0,0,0,0,2,0.0,24,26:53,2,0,0,
374,2018-12-04,24-038,BUF,TOR,L-OT,0,2,2,1,0,0,0,0,0,2,0,0,3,0.0,31,27:00,3,0,0,
375,2018-12-08,24-042,BUF,PHI,L,0,1,1,-1,0,0,0,0,0,1,0,0,1,0.0,26,24:18,3,0,0,
376,2018-12-11,24-045,BUF,LAK,W,0,2,2,0,0,0,0,0,0,0,2,0,6,0.0,30,31:08,3,0,0,
377,2018-12-13,24-047,BUF,ARI,W,0,0,0,1,0,0,0,0,0,0,0,0,4,0.0,26,27:34,4,0,0,
378,2018-12-15,24-049,BUF,WSH,L-SO,0,1,1,1,0,0,0,0,0,0,1,0,4,0.0,32,31:43,3,0,0,
379,2018-12-16,24-050,BUF,BOS,W,0,0,0,-1,0,0,0,0,0,0,0,0,2,0.0,30,23:22,5,0,0,
380,2018-12-18,24-052,BUF,FLA,L,1,0,1,-1,2,1,0,0,0,0,0,0,4,25.0,27,24:19,2,0,0,
381,2018-12-21,24-055,BUF,WSH,L,0,1,1,0,0,0,0,0,0,1,0,0,6,0.0,24,24:27,1,0,0,
382,2018-12-22,24-056,BUF,ANA,W,0,1,1,0,0,0,0,0,0,0,1,0,1,0.0,27,23:08,4,0,0,
383,2018-12-27,24-061,BUF,STL,L,0,1,1,-2,0,0,0,0,0,0,1,0,1,0.0,24,20:56,2,0,0,
384,2018-12-29,24-063,BUF,BOS,L-OT,0,0,0,-1,2,0,0,0,0,0,0,0,1,0.0,27,25:22,2,0,0,
385,2018-12-31,24-065,BUF,NYI,L,0,0,0,-1,0,0,0,0,0,0,0,0,5,0.0,25,25:06,5,0,0,
386,2019-01-03,24-068,BUF,FLA,W,0,0,0,0,0,0,0,0,0,0,0,0,1,0.0,25,28:20,1,0,0,
387,2019-01-05,24-070,BUF,BOS,L,1,0,1,0,0,1,0,0,0,0,0,0,2,50.0,24,23:03,1,0,0,
388,2019-01-08,24-073,BUF,NJD,W,0,1,1,2,2,0,0,0,0,1,0,0,1,0.0,22,20:59,4,0,0,
389,2019-01-11,24-076,BUF,CAR,L,0,0,0,1,2,0,0,0,0,0,0,0,1,0.0,24,26:05,4,0,0,
390,2019-01-12,24-077,BUF,TBL,L,0,0,0,-1,0,0,0,0,0,0,0,0,1,0.0,22,23:50,4,0,0,
391,2019-01-14,24-079,BUF,EDM,L,0,1,1,-1,0,0,0,0,0,1,0,0,2,0.0,28,22:42,3,0,0,
392,2019-01-16,24-081,BUF,CGY,W,0,1,1,-1,0,0,0,0,0,1,0,0,1,0.0,26,23:21,2,0,0,
393,2019-01-18,24-083,BUF,VAN,L,0,1,1,-2,0,0,0,0,0,1,0,0,3,0.0,27,23:32,4,0,0,
394,2019-01-29,24-094,BUF,CBJ,W,0,1,1,-1,0,0,0,0,0,1,0,0,4,0.0,24,26:10,1,0,0,
395,2019-01-30,24-095,BUF,DAL,L,0,0,0,0,0,0,0,0,0,0,0,0,3,0.0,21,21:32,2,0,0,
396,2019-02-01,24-097,BUF,CHI,L,0,1,1,-3,2,0,0,0,0,1,0,0,3,0.0,27,24:31,3,0,0,
397,2019-02-05,24-101,BUF,MIN,W,0,1,1,-1,0,0,0,0,0,0,1,0,1,0.0,26,24:29,3,0,0,
398,2019-02-07,24-103,BUF,CAR,L-OT,0,2,2,1,0,0,0,0,0,2,0,0,4,0.0,26,25:27,2,0,0,
399,2019-02-09,24-105,BUF,DET,W,0,1,1,1,0,0,0,0,0,0,1,0,1,0.0,23,23:29,0,0,0,
400,2019-02-10,24-106,BUF,WPG,L,0,0,0,-1,0,0,0,0,0,0,0,0,3,0.0,24,24:06,2,0,0,
401,2019-02-12,24-108,BUF,NYI,W,0,0,0,1,0,0,0,0,0,0,0,0,2,0.0,22,23:53,1,0,0,
402,2019-02-15,24-111,BUF,NYR,L,0,0,0,-3,0,0,0,0,0,0,0,0,2,0.0,26,22:35,4,0,0,
403,2019-02-17,24-113,BUF,NJD,L,0,0,0,-2,0,0,0,0,0,0,0,0,6,0.0,24,19:24,4,0,0,
404,2019-02-19,24-115,BUF,FLA,L,0,0,0,-2,2,0,0,0,0,0,0,0,2,0.0,27,21:15,6,0,0,
405,2019-02-21,24-117,BUF,TBL,L-SO,0,0,0,0,4,0,0,0,0,0,0,0,1,0.0,28,26:32,4,0,0,
406,2019-02-23,24-119,BUF,WSH,W,0,1,1,1,0,0,0,0,0,0,1,0,2,0.0,22,25:35,3,0,0,
407,2019-02-25,24-121,BUF,TOR,L,0,1,1,-3,0,0,0,0,0,1,0,0,2,0.0,26,26:11,5,0,0,
408,2019-02-26,24-122,BUF,PHI,L,0,0,0,-3,2,0,0,0,0,0,0,0,1,0.0,23,21:09,2,0,0,
409,2019-03-01,24-125,BUF,PIT,W,0,0,0,-1,0,0,0,0,0,0,0,0,1,0.0,29,26:22,4,0,0,
410,2019-03-02,24-126,BUF,TOR,L,0,0,0,-2,0,0,0,0,0,0,0,0,2,0.0,26,23:27,6,0,0,
411,2019-03-04,24-128,BUF,EDM,L,0,1,1,-2,0,0,0,0,0,0,1,0,3,0.0,26,22:41,3,0,0,
412,2019-03-07,24-131,BUF,CHI,L-SO,0,0,0,0,2,0,0,0,0,0,0,0,0,,28,27:50,1,0,0,
413,2019-03-09,24-133,BUF,COL,L,0,0,0,-1,0,0,0,0,0,0,0,0,3,0.0,25,23:10,4,0,0,
414,2019-03-12,24-136,BUF,DAL,L,0,0,0,0,0,0,0,0,0,0,0,0,6,0.0,23,23:02,2,0,0,
415,2019-03-14,24-138,BUF,PIT,L,0,0,0,-1,0,0,0,0,0,0,0,0,2,0.0,26,24:19,3,0,0,
416,2019-03-16,24-140,BUF,CAR,L,0,0,0,0,0,0,0,0,0,0,0,0,2,0.0,23,25:34,2,0,0,
417,2019-03-17,24-141,BUF,STL,W,0,0,0,-2,2,0,0,0,0,0,0,0,0,,25,21:31,2,0,0,
418,2019-03-20,24-144,BUF,TOR,L,0,0,0,-2,0,0,0,0,0,0,0,0,0,,26,22:42,1,0,0,
419,2019-03-23,24-147,BUF,MTL,L,0,0,0,-3,0,0,0,0,0,0,0,0,3,0.0,25,21:43,0,0,0,
420,2019-03-25,24-149,BUF,NJD,L,0,0,0,0,0,0,0,0,0,0,0,0,2,0.0,24,20:03,1,0,0,
421,2019-04-02,24-157,BUF,NSH,L,0,1,1,-1,0,0,0,0,0,1,0,0,0,,25,23:45,6,0,0,
422,2019-04-04,24-159,BUF,OTT,W,0,1,1,0,0,0,0,0,0,0,1,0,3,0.0,27,23:41,7,0,0,
423,2019-04-06,24-161,BUF,DET,W,0,2,2,2,2,0,0,0,0,0,2,0,2,0.0,24,21:32,3,0,0,
424,2019-10-03,24-341,BUF,PIT,W,0,0,0,0,2,0,0,0,0,0,0,0,5,0.0,31,23:53,5,0,0,
425,2019-10-05,24-343,BUF,NJD,W,0,1,1,1,0,0,0,0,0,1,0,0,3,0.0,26,23:27,4,0,0,
426,2019-10-07,24-345,BUF,CBJ,L-OT,0,0,0,-1,0,0,0,0,0,0,0,0,2,0.0,27,24:37,0,0,0,
427,2019-10-09,24-347,BUF,MTL,W,0,0,0,0,0,0,0,0,0,0,0,0,1,0.0,28,25:00,3,0,0,
428,2019-10-11,24-349,BUF,FLA,W,0,0,0,-1,2,0,0,0,0,0,0,0,5,0.0,29,25:24,0,0,0,
429,2019-10-14,24-352,BUF,DAL,W,0,1,1,1,0,0,0,0,0,1,0,0,2,0.0,25,23:46,2,0,0,
430,2019-10-16,24-354,BUF,ANA,L,0,0,0,-2,0,0,0,0,0,0,0,0,1,0.0,25,21:50,0,0,0,
431,2019-10-17,24-355,BUF,LAK,W,0,1,1,1,0,0,0,0,0,0,1,0,2,0.0,26,22:55,1,0,0,
432,2019-10-19,24-357,BUF,SJS,W,0,0,0,1,0,0,0,0,0,0,0,0,1,0.0,26,25:29,7,0,0,
433,2019-10-22,24-360,BUF,SJS,W,0,2,2,0,0,0,0,0,0,2,0,0,2,0.0,28,26:08,4,0,0,
434,2019-10-24,24-362,BUF,NYR,L,0,0,0,-1,0,0,0,0,0,0,0,0,1,0.0,29,24:59,6,0,0,
435,2019-10-25,24-363,BUF,DET,W,0,0,0,1,0,0,0,0,0,0,0,0,0,,24,26:01,5,0,0,
436,2019-10-28,25-001,BUF,ARI,L-SO,0,0,0,0,0,0,0,0,0,0,0,0,0,,29,25:18,3,0,0,
437,2019-11-01,25-005,BUF,WSH,L,0,0,0,-2,0,0,0,0,0,0,0,0,3,0.0,25,21:01,2,0,0,
438,2019-11-02,25-006,BUF,NYI,L,0,0,0,0,0,0,0,0,0,0,0,0,1,0.0,28,23:49,3,0,0,
439,2019-11-08,25-012,BUF,TBL,L,0,1,1,1,2,0,0,0,0,1,0,0,0,,29,21:32,9,0,0,
440,2019-11-09,25-013,BUF,TBL,L,0,1,1,-1,2,0,0,0,0,1,0,0,5,0.0,27,23:59,3,0,0,
441,2019-11-14,25-018,BUF,CAR,L-OT,0,0,0,0,12,0,0,0,0,0,0,0,3,0.0,30,24:25,9,0,0,
442,2019-11-16,25-020,BUF,OTT,W,0,0,0,2,2,0,0,0,0,0,0,0,3,0.0,30,24:06,2,0,0,
443,2019-11-17,25-021,BUF,CHI,L,0,0,0,-1,0,0,0,0,0,0,0,0,3,0.0,27,21:52,6,0,0,
444,2019-11-19,25-023,BUF,MIN,L,0,0,0,-1,2,0,0,0,0,0,0,0,2,0.0,29,25:28,0,0,0,
445,2019-11-21,25-025,BUF,BOS,L,1,0,1,-1,0,0,1,0,0,0,0,0,5,20.0,25,25:41,1,0,0,
446,2019-11-24,25-028,BUF,FLA,W,0,0,0,1,2,0,0,0,0,0,0,0,1,0.0,25,19:05,2,0,0,
447,2019-11-25,25-029,BUF,TBL,L,0,0,0,-1,0,0,0,0,0,0,0,0,1,0.0,22,16:55,1,0,0,
448,2019-11-27,25-031,BUF,CGY,L-OT,0,0,0,-1,0,0,0,0,0,0,0,0,3,0.0,25,24:35,2,0,0,
449,2019-11-29,25-033,BUF,TOR,W,0,1,1,3,0,0,0,0,0,1,0,0,0,,21,19:16,1,0,0,
450,2019-11-30,25-034,BUF,TOR,L-OT,1,0,1,1,0,1,0,0,0,0,0,0,2,50.0,21,19:17,4,0,0,
451,2019-12-02,25-036,BUF,NJD,W,0,1,1,2,0,0,0,0,0,1,0,0,1,0.0,24,17:16,3,0,0,
452,2019-12-05,25-039,BUF,CGY,L,0,1,1,1,0,0,0,0,0,1,0,0,0,,23,20:21,3,0,0,
453,2019-12-07,25-041,BUF,VAN,L-OT,0,2,2,2,0,0,0,0,0,2,0,0,0,,30,25:43,1,0,0,
454,2019-12-08,25-042,BUF,EDM,W,0,0,0,0,0,0,0,0,0,0,0,0,5,0.0,29,25:25,3,0,0,
455,2019-12-10,25-044,BUF,STL,W,0,0,0,4,0,0,0,0,0,0,0,0,4,0.0,25,21:46,5,0,0,
456,2019-12-12,25-046,BUF,NSH,W,0,1,1,1,0,0,0,0,0,1,0,0,1,0.0,23,23:49,2,0,0,
457,2019-12-14,25-048,BUF,NYI,L-OT,0,1,1,-1,2,0,0,0,0,0,1,0,0,,30,21:07,1,0,0,
458,2019-12-17,25-051,BUF,TOR,L,0,0,0,-2,0,0,0,0,0,0,0,0,2,0.0,27,21:46,0,0,0,
459,2019-12-19,25-053,BUF,PHI,L,0,0,0,0,2,0,0,0,0,0,0,0,3,0.0,25,20:40,4,0,0,
460,2019-12-21,25-055,BUF,LAK,W,1,0,1,0,0,1,0,0,0,0,0,0,3,33.3,23,21:19,5,0,0,
461,2019-12-23,25-057,BUF,OTT,L,0,0,0,-1,0,0,0,0,0,0,0,0,3,0.0,27,23:00,1,0,0,
462,2019-12-27,25-061,BUF,BOS,L,0,0,0,-2,0,0,0,0,0,0,0,0,2,0.0,27,24:33,3,0,0,
463,2019-12-29,25-063,BUF,BOS,L,1,1,2,1,0,1,0,0,0,1,0,0,4,25.0,29,23:04,3,0,0,
464,2019-12-31,25-065,BUF,TBL,L,0,0,0,-3,0,0,0,0,0,0,0,0,2,0.0,28,24:23,8,0,0,
465,2020-01-02,25-067,BUF,EDM,W,0,0,0,-1,0,0,0,0,0,0,0,0,0,,24,22:57,5,0,0,
466,2020-01-04,25-069,BUF,FLA,W,0,0,0,-1,0,0,0,0,0,0,0,0,1,0.0,20,24:21,1,0,0,
467,2020-01-09,25-074,BUF,STL,L,0,0,0,0,2,0,0,0,0,0,0,0,1,0.0,20,19:48,0,0,0,
468,2020-01-11,25-076,BUF,VAN,L,0,1,1,-1,2,0,0,0,0,1,0,0,0,,25,20:57,1,0,0,
469,2020-01-12,25-077,BUF,DET,W,1,0,1,1,0,0,1,0,0,0,0,0,2,50.0,23,20:00,2,0,0,
470,2020-01-14,25-079,BUF,VEG,W,0,1,1,1,0,0,0,0,0,0,1,0,0,,23,20:41,4,0,0,
471,2020-01-16,25-081,BUF,DAL,W,0,1,1,2,2,0,0,0,0,0,0,1,3,0.0,28,24:47,3,0,0,
472,2020-01-18,25-083,BUF,NSH,L,0,0,0,-1,0,0,0,0,0,0,0,0,1,0.0,19,18:38,2,0,0,
473,2020-01-28,25-093,BUF,OTT,L,0,0,0,-2,0,0,0,0,0,0,0,0,2,0.0,21,20:15,4,0,0,
474,2020-01-30,25-095,BUF,MTL,L,0,0,0,-2,0,0,0,0,0,0,0,0,1,0.0,24,20:25,4,0,0,
475,2020-02-01,25-097,BUF,CBJ,W,0,1,1,1,0,0,0,0,0,1,0,0,1,0.0,31,24:26,5,0,0,
476,2020-02-04,25-100,BUF,COL,L,0,0,0,-2,0,0,0,0,0,0,0,0,1,0.0,20,18:25,0,0,0,
477,2020-02-06,25-102,BUF,DET,L-SO,0,1,1,0,0,0,0,0,0,1,0,0,2,0.0,26,26:02,4,0,0,
478,2020-02-07,25-103,BUF,NYR,W,0,0,0,1,2,0,0,0,0,0,0,0,0,,26,24:19,4,0,0,
479,2020-02-09,25-105,BUF,ANA,L,0,0,0,-1,0,0,0,0,0,0,0,0,1,0.0,25,20:19,2,0,0,
480,2020-02-11,25-107,BUF,DET,W,0,0,0,-2,2,0,0,0,0,0,0,0,1,0.0,22,19:36,2,0,0,
481,2020-02-13,25-109,BUF,CBJ,W,0,1,1,2,0,0,0,0,0,1,0,0,4,0.0,31,21:46,1,0,0,
482,2020-02-16,25-112,BUF,TOR,W,0,2,2,2,2,0,0,0,0,1,1,0,0,,24,23:00,5,0,0,
483,2020-02-18,25-114,BUF,OTT,L,0,1,1,1,0,0,0,0,0,1,0,0,1,0.0,27,25:49,0,0,0,
484,2020-02-22,25-118,BUF,PIT,W,0,2,2,2,0,0,0,0,0,0,2,0,2,0.0,26,23:13,3,0,0,
485,2020-02-23,25-119,BUF,WPG,W,0,0,0,1,0,0,0,0,0,0,0,0,0,,28,23:29,0,0,0,
486,2020-02-26,25-122,BUF,COL,L,0,0,0,0,0,0,0,0,0,0,0,0,1,0.0,25,24:13,7,0,0,
487,2020-02-28,25-124,BUF,VEG,L,0,0,0,-2,0,0,0,0,0,0,0,0,5,0.0,24,23:36,3,0,0,
488,2020-02-29,25-125,BUF,ARI,L,0,0,0,0,0,0,0,0,0,0,0,0,1,0.0,22,21:21,5,0,0,
489,2020-03-03,25-128,BUF,WPG,L,1,0,1,1,2,1,0,0,0,0,0,0,4,25.0,26,21:00,1,0,0,
490,2020-03-05,25-130,BUF,PIT,L,0,0,0,-1,0,0,0,0,0,0,0,0,1,0.0,24,22:40,3,0,0,
491,2020-03-07,25-132,BUF,PHI,L,0,0,0,-1,2,0,0,0,0,0,0,0,3,0.0,27,24:16,2,0,0,
492,2020-03-09,25-134,BUF,WSH,W,0,1,1,-2,0,0,0,0,0,0,1,0,2,0.0,30,28:50,3,0,0,
493,2021-01-14,26-079,BUF,WSH,L,0,0,0,1,0,0,0,0,0,0,0,0,1,0.0,27,22:22,3,0,0,
494,2021-01-15,26-080,BUF,WSH,L,1,0,1,1,0,1,0,0,0,0,0,0,3,33.3,24,20:51,4,0,0,
495,2021-01-18,26-083,BUF,PHI,W,0,0,0,1,0,0,0,0,0,0,0,0,1,0.0,25,20:43,8,0,0,
496,2021-01-19,26-084,BUF,PHI,L,0,0,0,-1,2,0,0,0,0,0,0,0,3,0.0,27,18:51,3,0,0,
497,2021-01-22,26-087,BUF,WSH,L-SO,0,0,0,2,2,0,0,0,0,0,0,0,2,0.0,31,26:39,5,0,0,
498,2021-01-24,26-089,BUF,WSH,W,0,2,2,0,2,0,0,0,0,0,2,0,1,0.0,26,24:13,2,0,0,
499,2021-01-26,26-091,BUF,NYR,W,0,1,1,0,0,0,0,0,0,0,1,0,1,0.0,26,23:20,1,0,0,
500,2021-01-28,26-093,BUF,NYR,L-OT,0,0,0,-1,0,0,0,0,0,0,0,0,1,0.0,23,23:41,3,0,0,
501,2021-01-30,26-095,BUF,NJD,W,0,0,0,0,0,0,0,0,0,0,0,0,3,0.0,28,26:50,2,0,0,
502,2021-01-31,26-096,BUF,NJD,L,1,1,2,-1,0,0,1,0,0,1,0,0,4,25.0,26,28:11,4,0,0,
503,2021-02-27,26-123,BUF,PHI,L,0,0,0,-1,0,0,0,0,0,0,0,0,1,0.0,26,22:18,6,0,0,
504,2021-02-28,26-124,BUF,PHI,L,0,0,0,-2,2,0,0,0,0,0,0,0,2,0.0,22,21:01,5,0,0,
505,2021-03-02,26-126,BUF,NYR,L,0,1,1,0,0,0,0,0,0,1,0,0,4,0.0,27,24:01,4,0,0,
506,2021-03-04,26-128,BUF,NYI,L,1,0,1,-3,4,1,0,0,0,0,0,0,3,33.3,24,18:54,2,0,0,
507,2021-03-06,26-130,BUF,NYI,L,0,0,0,-1,0,0,0,0,0,0,0,0,1,0.0,21,19:04,4,0,0,
508,2021-03-07,26-131,BUF,NYI,L,0,0,0,-3,0,0,0,0,0,0,0,0,0,,24,18:52,5,0,0,
509,2021-03-09,26-133,BUF,PHI,L-SO,0,0,0,1,2,0,0,0,0,0,0,0,1,0.0,27,23:51,4,0,0,
510,2021-03-11,26-135,BUF,PIT,L,0,0,0,-3,0,0,0,0,0,0,0,0,2,0.0,24,23:01,5,0,0,
511,2021-03-13,26-137,BUF,PIT,L,0,0,0,0,0,0,0,0,0,0,0,0,3,0.0,26,22:06,7,0,0,
512,2021-03-15,26-139,BUF,WSH,L,0,0,0,-1,0,0,0,0,0,0,0,0,1,0.0,26,21:42,3,0,0,
513,2021-03-16,26-140,BUF,NJD,L,0,0,0,-1,0,0,0,0,0,0,0,0,3,0.0,28,24:07,4,0,0,
514,2021-03-18,26-142,BUF,BOS,L,0,0,0,-1,0,0,0,0,0,0,0,0,0,,24,18:42,2,0,0,
515,2021-03-22,26-146,BUF,NYR,L,0,0,0,-2,0,0,0,0,0,0,0,0,0,,22,24:44,2,0,0,
516,2021-03-24,26-148,BUF,PIT,L,0,0,0,-1,4,0,0,0,0,0,0,0,0,,25,22:06,5,0,0,
517,2021-03-25,26-149,BUF,PIT,L,0,0,0,0,0,0,0,0,0,0,0,0,4,0.0,24,22:03,3,0,0,
518,2021-03-27,26-151,BUF,BOS,L,0,0,0,-1,2,0,0,0,0,0,0,0,2,0.0,24,22:17,2,0,0,
519,2021-03-29,26-153,BUF,PHI,L-OT,0,0,0,-1,2,0,0,0,0,0,0,0,1,0.0,22,22:24,4,0,0,
520,2021-03-31,26-155,BUF,PHI,W,0,2,2,4,0,0,0,0,0,2,0,0,4,0.0,23,22:29,6,0,0,
521,2021-04-01,26-156,BUF,NYR,L-OT,0,0,0,1,2,0,0,0,0,0,0,0,0,,25,23:57,3,0,0,
522,2021-04-03,26-158,BUF,NYR,W,0,0,0,1,0,0,0,0,0,0,0,0,0,,27,26:47,1,0,0,
523,2021-04-06,26-161,BUF,NJD,W,1,0,1,2,0,1,0,0,0,0,0,0,2,50.0,22,24:21,6,0,0,
524,2021-04-08,26-163,BUF,NJD,L,0,0,0,-1,2,0,0,0,0,0,0,0,2,0.0,20,20:34,2,0,0,
525,2021-04-09,26-164,BUF,WSH,L,0,2,2,0,0,0,0,0,0,2,0,0,0,,21,23:42,6,0,0,
526,2021-04-11,26-166,BUF,PHI,W,0,0,0,2,0,0,0,0,0,0,0,0,1,0.0,22,24:46,6,0,0,
527,2021-04-13,26-168,BUF,BOS,L-SO,0,0,0,-1,0,0,0,0,0,0,0,0,0,,26,25:13,7,0,0,
528,2021-04-15,26-170,BUF,WSH,W,0,0,0,2,0,0,0,0,0,0,0,0,1,0.0,24,22:14,2,0,0,
529,2021-04-17,26-172,BUF,PIT,L,0,1,1,-1,0,0,0,0,0,0,1,0,1,0.0,22,20:13,3,0,0,
530,2021-04-18,26-173,BUF,PIT,W,0,0,0,0,0,0,0,0,0,0,0,0,0,,24,22:39,8,0,0,
531,2021-04-20,26-175,BUF,BOS,L,0,0,0,-1,2,0,0,0,0,0,0,0,2,0.0,25,23:03,2,0,0,
532,2021-04-22,26-177,BUF,BOS,L,0,0,0,-1,4,0,0,0,0,0,0,0,3,0.0,24,17:45,5,0,0,
533,2021-04-23,26-178,BUF,BOS,W,0,0,0,0,0,0,0,0,0,0,0,0,1,0.0,21,20:22,3,0,0,
534,2021-04-25,26-180,BUF,NYR,L,0,0,0,-2,0,0,0,0,0,0,0,0,0,,21,18:32,5,0,0,
535,2021-04-27,26-182,BUF,NYR,L,0,0,0,0,0,0,0,0,0,0,0,0,1,0.0,23,23:06,3,0,0,
536,2021-04-29,26-184,BUF,BOS,L,0,0,0,-1,0,0,0,0,0,0,0,0,2,0.0,25,20:46,3,0,0,
537,2021-05-01,26-186,BUF,BOS,L,0,0,0,-1,0,0,0,0,0,0,0,0,0,,26,17:59,3,0,0,
538,2021-05-03,26-188,BUF,NYI,W,0,2,2,1,2,0,0,0,0,1,1,0,1,0.0,22,20:04,2,0,0,
539,2021-05-04,26-189,BUF,NYI,W,0,0,0,-2,0,0,0,0,0,0,0,0,2,0.0,23,26:37,4,0,0,
540,2021-05-06,26-191,BUF,PIT,L,0,2,2,-2,0,0,0,0,0,1,1,0,1,0.0,22,21:36,8,0,0,
541,2021-05-08,26-193,BUF,PIT,L,0,0,0,0,2,0,0,0,0,0,0,0,1,0.0,26,18:21,3,0,0,
542,2021-10-20,26-358,PHI,BOS,W,0,0,0,-1,2,0,0,0,0,0,0,0,2,0.0,26,18:37,2,0,0,
543,2021-10-23,26-361,PHI,FLA,L,0,0,0,0,0,0,0,0,0,0,0,0,1,0.0,29,18:47,2,0,0,
544,2021-10-27,27-000,PHI,EDM,W,0,0,0,0,2,0,0,0,0,0,0,0,0,,28,19:29,6,0,0,
545,2021-10-28,27-001,PHI,VAN,W,0,0,0,0,2,0,0,0,0,0,0,0,0,,28,21:09,1,0,0,
546,2021-10-30,27-003,PHI,CGY,L,0,0,0,0,2,0,0,0,0,0,0,0,1,0.0,29,21:14,1,0,0,
547,2021-11-02,27-006,PHI,ARI,W,0,0,0,1,0,0,0,0,0,0,0,0,1,0.0,27,21:12,5,0,0,
548,2021-11-04,27-008,PHI,PIT,L-OT,0,0,0,-1,0,0,0,0,0,0,0,0,1,0.0,35,22:10,5,0,0,
549,2021-11-06,27-010,PHI,WSH,W,0,1,1,1,0,0,0,0,0,1,0,0,3,0.0,32,22:48,4,0,0,
550,2021-11-10,27-014,PHI,TOR,L,0,0,0,0,0,0,0,0,0,0,0,0,1,0.0,28,20:36,5,0,0,
551,2021-11-12,27-016,PHI,CAR,W,0,1,1,1,0,0,0,0,0,1,0,0,1,0.0,29,22:31,3,0,0,
552,2021-11-13,27-017,PHI,DAL,L,0,0,0,-1,0,0,0,0,0,0,0,0,3,0.0,32,19:59,1,0,0,
553,2021-11-16,27-020,PHI,CGY,W,0,1,1,1,0,0,0,0,0,1,0,0,2,0.0,29,19:30,9,0,0,
554,2021-11-18,27-022,PHI,TBL,L-SO,0,0,0,1,2,0,0,0,0,0,0,0,1,0.0,32,23:04,2,0,0,
555,2021-11-20,27-024,PHI,BOS,L,0,0,0,-1,0,0,0,0,0,0,0,0,0,,28,21:38,3,0,0,
556,2021-11-23,27-027,PHI,TBL,L,0,0,0,0,0,0,0,0,0,0,0,0,3,0.0,31,21:15,3,0,0,
557,2021-11-24,27-028,PHI,FLA,L-OT,0,0,0,0,0,0,0,0,0,0,0,0,3,0.0,33,21:45,4,0,0,
558,2021-11-26,27-030,PHI,CAR,L,1,0,1,-3,0,1,0,0,0,0,0,0,2,50.0,28,21:09,3,0,0,
559,2021-11-28,27-032,PHI,NJD,L,0,0,0,-3,0,0,0,0,0,0,0,0,1,0.0,30,22:27,3,0,0,
560,2021-12-01,27-035,PHI,NYR,L,0,0,0,-2,0,0,0,0,0,0,0,0,0,,29,20:59,0,0,0,
561,2021-12-05,27-039,PHI,TBL,L,0,0,0,-3,0,0,0,0,0,0,0,0,3,0.0,26,19:12,1,0,0,
562,2021-12-06,27-040,PHI,COL,L,0,1,1,3,0,0,0,0,0,1,0,0,2,0.0,25,22:01,3,0,0,
563,2021-12-08,27-042,PHI,NJD,L,0,0,0,-2,0,0,0,0,0,0,0,0,2,0.0,26,19:59,4,0,0,
564,2021-12-10,27-044,PHI,VEG,W,0,0,0,0,0,0,0,0,0,0,0,0,1,0.0,27,23:42,6,0,0,
565,2021-12-11,27-045,PHI,ARI,W,0,0,0,-1,0,0,0,0,0,0,0,0,0,,22,21:14,3,0,0,
566,2021-12-14,27-048,PHI,NJD,W,0,2,2,2,2,0,0,0,0,2,0,0,3,0.0,26,22:01,6,0,0,
567,2021-12-16,27-050,PHI,MTL,L-SO,0,0,0,0,0,0,0,0,0,0,0,0,1,0.0,27,22:29,3,0,0,
568,2021-12-18,27-052,PHI,OTT,W,0,0,0,-1,2,0,0,0,0,0,0,0,4,0.0,28,21:48,1,0,0,
569,2021-12-29,27-063,PHI,SEA,W,0,1,1,1,0,0,0,0,0,1,0,0,1,0.0,25,21:59,1,0,0,
570,2021-12-30,27-064,PHI,SJS,L-OT,0,0,0,0,0,0,0,0,0,0,0,0,3,0.0,30,24:02,4,0,0,
571,2022-01-01,27-066,PHI,LAK,L,0,0,0,0,2,0,0,0,0,0,0,0,0,,23,20:02,6,0,0,
572,2022-01-04,27-069,PHI,ANA,L,0,0,0,-1,2,0,0,0,0,0,0,0,2,0.0,27,24:14,4,0,0,
573,2022-01-06,27-071,PHI,PIT,L,0,0,0,0,0,0,0,0,0,0,0,0,0,,23,18:25,2,0,0,
574,2022-01-08,27-073,PHI,SJS,L-OT,0,0,0,0,0,0,0,0,0,0,0,0,2,0.0,26,22:07,0,0,0,
575,2022-01-17,27-082,PHI,NYI,L,0,0,0,-2,0,0,0,0,0,0,0,0,1,0.0,22,15:02,5,0,0,
576,2022-01-18,27-083,PHI,NYI,L-SO,0,0,0,0,0,0,0,0,0,0,0,0,2,0.0,30,23:33,9,0,0,
577,2022-01-20,27-085,PHI,CBJ,L,0,1,1,1,0,0,0,0,0,1,0,0,0,,23,19:02,5,0,0,
578,2022-01-22,27-087,PHI,BUF,L,1,0,1,0,0,1,0,0,0,0,0,0,1,100.0,24,18:54,3,0,0,
579,2022-01-24,27-089,PHI,DAL,L,0,0,0,-2,0,0,0,0,0,0,0,0,2,0.0,28,22:05,6,0,0,
580,2022-01-25,27-090,PHI,NYI,L,0,0,0,0,0,0,0,0,0,0,0,0,0,,23,16:49,1,0,0,
581,2022-01-29,27-094,PHI,LAK,W,0,1,1,0,0,0,0,0,0,1,0,0,1,0.0,28,21:14,3,0,0,
582,2022-02-01,27-097,PHI,WPG,W,0,0,0,2,0,0,0,0,0,0,0,0,0,,30,21:48,6,0,0,
583,2022-02-09,27-105,PHI,DET,L,0,0,0,-2,0,0,0,0,0,0,0,0,3,0.0,28,23:42,2,0,0,
584,2022-02-21,27-117,PHI,CAR,L-OT,0,1,1,0,2,0,0,0,0,1,0,0,1,0.0,31,20:43,2,0,0,
585,2022-02-22,27-118,PHI,STL,L,0,0,0,1,0,0,0,0,0,0,0,0,5,0.0,24,22:10,5,0,0,
586,2022-02-26,27-122,PHI,WSH,W,0,1,1,0,0,0,0,0,0,1,0,0,1,0.0,28,23:56,8,0,0,
587,2022-03-01,27-125,PHI,EDM,L,0,0,0,-1,2,0,0,0,0,0,0,0,2,0.0,30,23:13,4,0,0,
588,2022-03-03,27-127,PHI,MIN,L,0,0,0,0,0,0,0,0,0,0,0,0,0,,29,25:44,5,0,0,
589,2022-03-05,27-129,PHI,CHI,W,0,0,0,1,2,0,0,0,0,0,0,0,3,0.0,27,22:24,1,0,0,
590,2022-03-08,27-132,PHI,VEG,W,0,0,0,0,2,0,0,0,0,0,0,0,0,,30,23:08,6,0,0,
591,2022-03-10,27-134,PHI,FLA,L,0,1,1,0,4,0,0,0,0,0,1,0,3,0.0,31,24:15,5,0,0,
592,2022-03-12,27-136,PHI,CAR,L,0,1,1,-1,0,0,0,0,0,1,0,0,0,,31,22:22,3,0,0,
593,2022-03-13,27-137,PHI,MTL,L-OT,0,0,0,-1,0,0,0,0,0,0,0,0,1,0.0,33,24:25,7,0,0,
594,2022-03-17,27-141,PHI,NSH,W,0,1,1,2,0,0,0,0,0,1,0,0,2,0.0,29,20:49,2,0,0,
595,2022-03-18,27-142,PHI,OTT,L,0,0,0,0,4,0,0,0,0,0,0,0,0,,28,22:48,3,0,0,
596,2022-03-20,27-144,PHI,NYI,W,0,0,0,-1,0,0,0,0,0,0,0,0,1,0.0,29,22:15,1,0,0,
597,2022-03-22,27-146,PHI,DET,L,0,0,0,-2,0,0,0,0,0,0,0,0,3,0.0,26,20:50,4,0,0,
598,2022-03-24,27-148,PHI,STL,W,0,0,0,3,0,0,0,0,0,0,0,0,3,0.0,25,17:58,3,0,0,
599,2022-03-25,27-149,PHI,COL,L,0,0,0,0,0,0,0,0,0,0,0,0,1,0.0,25,22:43,1,0,0,
600,2022-03-27,27-151,PHI,NSH,L,0,0,0,0,0,0,0,0,0,0,0,0,1,0.0,28,22:19,5,0,0,
601,2022-03-29,27-153,PHI,MIN,L,0,0,0,0,2,0,0,0,0,0,0,0,2,0.0,25,22:14,3,0,0,
602,2022-04-02,27-157,PHI,TOR,L,0,0,0,0,0,0,0,0,0,0,0,0,3,0.0,26,21:38,3,0,0,
603,2022-04-03,27-158,PHI,NYR,W,0,0,0,0,0,0,0,0,0,0,0,0,1,0.0,30,23:06,2,0,0,
604,2022-04-05,27-160,PHI,CBJ,L,0,0,0,0,0,0,0,0,0,0,0,0,2,0.0,26,18:46,7,0,0,
605,2022-04-07,27-162,PHI,CBJ,W,0,0,0,2,0,0,0,0,0,0,0,0,0,,27,20:17,1,0,0,
606,2022-04-09,27-164,PHI,ANA,L,0,0,0,0,0,0,0,0,0,0,0,0,1,0.0,24,19:52,2,0,0,
607,2022-04-12,27-167,PHI,WSH,L,0,0,0,0,2,0,0,0,0,0,0,0,1,0.0,27,21:28,1,0,0,
608,2022-10-27,28-000,PHI,FLA,W,0,0,0,0,2,0,0,0,0,0,0,0,0,,19,14:06,2,0,0,
609,2022-10-29,28-002,PHI,CAR,L-OT,0,0,0,-2,2,0,0,0,0,0,0,0,1,0.0,28,17:29,3,0,0,
610,2022-11-01,28-005,PHI,NYR,L-OT,0,0,0,0,0,0,0,0,0,0,0,0,0,,24,20:23,1,0,0,
611,2022-11-02,28-006,PHI,TOR,L,0,0,0,-2,0,0,0,0,0,0,0,0,2,0.0,26,17:21,1,0,0,
612,2022-11-08,28-012,PHI,STL,W,0,0,0,2,0,0,0,0,0,0,0,0,1,0.0,25,16:16,3,0,0,
613,2022-11-10,28-014,PHI,CBJ,L,0,0,0,0,0,0,0,0,0,0,0,0,1,0.0,25,16:06,2,0,0,
614,2022-11-12,28-016,PHI,OTT,L,0,0,0,-2,0,0,0,0,0,0,0,0,2,0.0,23,16:36,2,0,0,
615,2022-11-13,28-017,PHI,DAL,L,0,0,0,0,0,0,0,0,0,0,0,0,1,0.0,20,13:52,2,0,0,
616,2022-11-15,28-019,PHI,CBJ,L-OT,0,0,0,0,0,0,0,0,0,0,0,0,1,0.0,26,16:52,1,0,0,
617,2022-11-17,28-021,PHI,BOS,L,0,0,0,0,0,0,0,0,0,0,0,0,1,0.0,20,13:12,2,0,0,
618,2022-11-19,28-023,PHI,MTL,L-SO,0,0,0,2,2,0,0,0,0,0,0,0,0,,23,16:37,5,0,0,
619,2022-11-21,28-025,PHI,CGY,L,0,0,0,1,0,0,0,0,0,0,0,0,0,,25,15:34,3,0,0,
620,2022-11-23,28-027,PHI,WSH,L-OT,0,0,0,0,0,0,0,0,0,0,0,0,0,,31,20:46,3,0,0,
621,2022-11-25,28-029,PHI,PIT,L,0,0,0,-1,0,0,0,0,0,0,0,0,1,0.0,27,20:06,6,0,0,
622,2022-11-26,28-030,PHI,NYI,L,0,0,0,0,2,0,0,0,0,0,0,0,1,0.0,28,20:36,4,0,0,
623,2022-11-29,28-033,PHI,NYI,W,0,0,0,2,2,0,0,0,0,0,0,0,2,0.0,28,20:22,5,0,0,
624,2022-12-01,28-035,PHI,TBL,L,0,0,0,0,2,0,0,0,0,0,0,0,0,,24,20:50,2,0,0,
625,2022-12-03,28-037,PHI,NJD,L,0,0,0,-2,2,0,0,0,0,0,0,0,2,0.0,29,19:23,0,0,0,
626,2022-12-05,28-039,PHI,COL,W,0,0,0,-1,0,0,0,0,0,0,0,0,2,0.0,27,20:52,5,0,0,
627,2022-12-07,28-041,PHI,WSH,L,0,0,0,0,0,0,0,0,0,0,0,0,0,,28,19:10,2,0,0,
628,2022-12-09,28-043,PHI,VEG,L-OT,0,0,0,-1,0,0,0,0,0,0,0,0,0,,35,25:58,4,0,0,
629,2022-12-11,28-045,PHI,ARI,L-OT,0,0,0,-2,2,0,0,0,0,0,0,0,2,0.0,35,21:35,1,0,0,
630,2022-12-13,28-047,PHI,COL,L,0,0,0,-1,0,0,0,0,0,0,0,0,3,0.0,29,20:27,2,0,0,
631,2022-12-15,28-049,PHI,NJD,W,0,0,0,1,0,0,0,0,0,0,0,0,1,0.0,30,20:53,1,0,0,
632,2022-12-17,28-051,PHI,NYR,L,0,0,0,1,0,0,0,0,0,0,0,0,1,0.0,22,17:36,0,0,0,
633,2022-12-20,28-054,PHI,CBJ,W,0,0,0,-1,2,0,0,0,0,0,0,0,2,0.0,29,17:33,1,0,0,
634,2022-12-22,28-056,PHI,TOR,L,0,0,0,0,2,0,0,0,0,0,0,0,1,0.0,26,18:32,4,0,0,
635,2022-12-23,28-057,PHI,CAR,L,0,1,1,-1,0,0,0,0,0,1,0,0,0,,21,14:45,0,0,0,
636,2022-12-29,28-063,PHI,SJS,W,0,0,0,0,0,0,0,0,0,0,0,0,3,0.0,26,16:25,1,0,0,
637,2022-12-31,28-065,PHI,LAK,W,0,1,1,1,0,0,0,0,0,0,0,1,0,,28,19:14,4,0,0,
638,2023-01-02,28-067,PHI,ANA,W,0,0,0,1,0,0,0,0,0,0,0,0,1,0.0,29,19:36,2,0,0,
639,2023-01-05,28-070,PHI,ARI,W,0,0,0,-1,0,0,0,0,0,0,0,0,0,,23,17:27,1,0,0,
640,2023-01-08,28-073,PHI,TOR,L,0,0,0,0,2,0,0,0,0,0,0,0,0,,28,19:31,1,0,0,
641,2023-01-09,28-074,PHI,BUF,W,0,0,0,2,0,0,0,0,0,0,0,0,1,0.0,22,15:08,0,0,0,
642,2023-01-11,28-076,PHI,WSH,W,0,0,0,0,0,0,0,0,0,0,0,0,0,,25,18:36,5,0,0,
643,2023-01-14,28-079,PHI,WSH,W,0,0,0,0,0,0,0,0,0,0,0,0,1,0.0,23,17:24,2,0,0,
644,2023-01-16,28-081,PHI,BOS,L,0,0,0,-2,0,0,0,0,0,0,0,0,1,0.0,22,17:17,0,0,0,
645,2023-01-17,28-082,PHI,ANA,W,1,1,2,2,0,0,0,1,0,1,0,0,2,50.0,23,17:08,3,0,0,
646,2023-01-19,28-084,PHI,CHI,L,0,1,1,0,0,0,0,0,0,1,0,0,1,0.0,21,15:47,2,0,0,
647,2023-01-21,28-086,PHI,DET,W,0,0,0,1,2,0,0,0,0,0,0,0,0,,29,18:37,2,0,0,
648,2023-01-22,28-087,PHI,WPG,L,0,0,0,-1,0,0,0,0,0,0,0,0,1,0.0,25,17:39,0,0,0,
649,2023-01-24,28-089,PHI,LAK,L-OT,1,0,1,1,2,1,0,0,0,0,0,0,2,50.0,26,15:28,4,0,0,
650,2023-01-26,28-091,PHI,MIN,L-OT,0,1,1,1,0,0,0,0,0,1,0,0,1,0.0,23,18:30,1,0,0,
651,2023-01-28,28-093,PHI,WPG,W,0,2,2,2,0,0,0,0,0,2,0,0,0,,24,19:55,0,0,0,
652,2023-02-06,28-102,PHI,NYI,L,0,0,0,0,0,0,0,0,0,0,0,0,3,0.0,21,18:26,4,0,0,
653,2023-02-09,28-105,PHI,EDM,W,0,0,0,0,0,0,0,0,0,0,0,0,1,0.0,29,19:40,1,0,0,
654,2023-02-11,28-107,PHI,NSH,L-OT,0,0,0,0,0,0,0,0,0,0,0,0,1,0.0,21,17:24,4,0,0,
655,2023-02-12,28-108,PHI,SEA,L,0,2,2,2,0,0,0,0,0,0,1,1,1,0.0,28,19:04,4,0,0,
656,2023-02-16,28-112,PHI,SEA,L,0,0,0,0,0,0,0,0,0,0,0,0,0,,24,20:55,3,0,0,
657,2023-02-18,28-114,PHI,VAN,L,0,1,1,-3,0,0,0,0,0,0,1,0,1,0.0,24,18:41,3,0,0,
658,2023-02-20,28-116,PHI,CGY,W,0,0,0,0,2,0,0,0,0,0,0,0,1,0.0,32,22:42,0,0,0,
659,2023-02-21,28-117,PHI,EDM,L,0,0,0,0,0,0,0,0,0,0,0,0,1,0.0,26,18:09,2,0,0,
660,2023-02-24,28-120,PHI,MTL,L,0,0,0,-1,0,0,0,0,0,0,0,0,2,0.0,23,19:19,0,0,0,
661,2023-02-25,28-121,PHI,NJD,L,0,0,0,-3,0,0,0,0,0,0,0,0,2,0.0,28,21:46,1,0,0,
662,2023-03-01,28-125,PHI,NYR,L-OT,0,0,0,-1,0,0,0,0,0,0,0,0,0,,28,22:02,1,0,0,
663,2023-03-05,28-129,PHI,DET,W,0,1,1,3,0,0,0,0,0,1,0,0,2,0.0,23,20:18,4,0,0,
664,2023-03-07,28-131,PHI,TBL,L,0,1,1,-1,0,0,0,0,0,1,0,0,1,0.0,28,23:06,2,0,0,
665,2023-03-09,28-133,PHI,CAR,L,0,0,0,0,0,0,0,0,0,0,0,0,1,0.0,26,22:44,2,0,0,
666,2023-03-11,28-135,PHI,PIT,L,0,0,0,-1,0,0,0,0,0,0,0,0,1,0.0,28,22:56,2,0,0,
667,2023-03-14,28-138,PHI,VEG,L,0,0,0,0,0,0,0,0,0,0,0,0,2,0.0,24,17:58,0,0,0,
668,2023-03-17,28-141,PHI,BUF,W,0,0,0,1,0,0,0,0,0,0,0,0,1,0.0,29,22:36,3,0,0,
669,2023-03-18,28-142,PHI,CAR,L-OT,0,0,0,1,0,0,0,0,0,0,0,0,0,,25,19:37,4,0,0,
670,2023-03-21,28-145,PHI,FLA,W,0,0,0,0,0,0,0,0,0,0,0,0,0,,23,19:32,1,0,0,
671,2023-03-23,28-147,PHI,MIN,W,1,0,1,-1,0,0,1,0,0,0,0,0,3,33.3,28,18:44,2,0,0,
672,2023-03-25,28-149,PHI,DET,W,0,1,1,2,0,0,0,0,0,1,0,0,2,0.0,29,21:36,2,0,0,
673,2023-03-28,28-152,PHI,MTL,W,0,1,1,1,0,0,0,0,0,1,0,0,0,,22,18:51,1,0,0,
674,2023-03-30,28-154,PHI,OTT,L-OT,0,1,1,-1,0,0,0,0,0,0,1,0,1,0.0,33,20:58,1,0,0,
675,2023-04-01,28-156,PHI,BUF,L,0,0,0,-1,0,0,0,0,0,0,0,0,1,0.0,24,18:48,2,0,0,
676,2023-04-04,28-159,PHI,STL,L,0,0,0,0,0,0,0,0,0,0,0,0,3,0.0,23,16:49,2,0,0,
677,2023-04-06,28-161,PHI,DAL,L,0,1,1,0,2,0,0,0,0,1,0,0,1,0.0,28,20:51,5,0,0,
678,2023-04-08,28-163,PHI,NYI,L,0,0,0,-2,2,0,0,0,0,0,0,0,4,0.0,26,20:13,4,0,0,
679,2023-04-09,28-164,PHI,BOS,L,0,0,0,0,0,0,0,0,0,0,0,0,5,0.0,32,25:54,2,0,0,
680,2023-04-11,28-166,PHI,CBJ,W,0,1,1,0,0,0,0,0,0,0,1,0,2,0.0,27,21:58,3,0,0,
681,2023-04-13,28-168,PHI,CHI,W,0,0,0,1,0,0,0,0,0,0,0,0,1,0.0,25,18:40,2,0,0,
682,2023-11-25,29-029,PHI,NYI,W,0,0,0,0,2,0,0,0,0,0,0,0,3,0.0,29,17:49,4,0,0,
683,2023-11-28,29-032,PHI,CAR,L,0,0,0,0,0,0,0,0,0,0,0,0,1,0.0,26,15:54,1,0,0,
684,2023-11-30,29-034,PHI,NJD,L-OT,0,0,0,1,2,0,0,0,0,0,0,0,2,0.0,21,15:09,1,0,0,
685,2023-12-02,29-036,PHI,PIT,W,0,0,0,0,0,0,0,0,0,0,0,0,2,0.0,24,14:38,3,0,0,
686,2023-12-04,29-038,PHI,PIT,W,0,1,1,0,0,0,0,0,0,1,0,0,1,0.0,24,15:02,2,0,0,
687,2023-12-07,29-041,PHI,ARI,W,0,0,0,-1,0,0,0,0,0,0,0,0,1,0.0,27,18:58,2,0,0,
688,2023-12-09,29-043,PHI,COL,W,0,0,0,-2,0,0,0,0,0,0,0,0,0,,26,17:56,4,0,0,
689,2023-12-12,29-046,PHI,NSH,L-OT,0,0,0,0,0,0,0,0,0,0,0,0,2,0.0,20,16:15,1,0,0,
690,2023-12-14,29-048,PHI,WSH,W,0,0,0,1,0,0,0,0,0,0,0,0,1,0.0,25,21:43,5,0,0,
691,2023-12-16,29-050,PHI,DET,W,0,0,0,1,0,0,0,0,0,0,0,0,0,,31,23:07,3,0,0,
692,2023-12-19,29-053,PHI,NJD,W,0,0,0,-1,0,0,0,0,0,0,0,0,1,0.0,27,20:01,1,0,0,
693,2023-12-21,29-055,PHI,NSH,L,0,0,0,-1,0,0,0,0,0,0,0,0,1,0.0,26,20:38,2,0,0,
694,2023-12-22,29-056,PHI,DET,L-SO,0,1,1,-1,0,0,0,0,0,1,0,0,5,0.0,33,22:26,1,0,0,
695,2023-12-28,29-062,PHI,VAN,W,0,0,0,0,0,0,0,0,0,0,0,0,0,,19,14:57,1,0,0,
696,2023-12-29,29-063,PHI,SEA,L-OT,0,0,0,-1,0,0,0,0,0,0,0,0,1,0.0,23,16:29,0,0,0,
697,2023-12-31,29-065,PHI,CGY,L,1,0,1,0,0,1,0,0,0,0,0,0,2,50.0,22,15:47,3,0,0,
698,2024-01-02,29-067,PHI,EDM,L,0,0,0,2,0,0,0,0,0,0,0,0,1,0.0,22,14:11,1,0,0,
699,2024-01-04,29-069,PHI,CBJ,L-SO,0,0,0,0,0,0,0,0,0,0,0,0,4,0.0,19,15:10,0,0,0,
700,2024-01-06,29-071,PHI,CGY,W,0,0,0,-1,0,0,0,0,0,0,0,0,1,0.0,20,13:36,2,0,0,
701,2024-01-08,29-073,PHI,PIT,L,0,0,0,-2,0,0,0,0,0,0,0,0,3,0.0,23,19:15,5,0,0,
702,2024-01-10,29-075,PHI,MTL,W,0,0,0,-1,0,0,0,0,0,0,0,0,2,0.0,23,17:01,2,0,0,
703,2024-01-12,29-077,PHI,MIN,W,0,0,0,0,0,0,0,0,0,0,0,0,3,0.0,19,14:26,0,0,0,
704,2024-01-13,29-078,PHI,WPG,W,0,0,0,0,0,0,0,0,0,0,0,0,1,0.0,20,15:38,0,0,0,
705,2024-01-15,29-080,PHI,STL,W,0,0,0,1,0,0,0,0,0,0,0,0,1,0.0,22,16:12,0,0,0,
706,2024-01-18,29-083,PHI,DAL,W,0,0,0,1,0,0,0,0,0,0,0,0,2,0.0,18,12:11,2,0,0,
707,2024-01-20,29-085,PHI,COL,L,0,1,1,2,0,0,0,0,0,1,0,0,1,0.0,22,15:30,0,0,0,
708,2024-01-21,29-086,PHI,OTT,L,0,0,0,-2,0,0,0,0,0,0,0,0,0,,21,14:03,2,0,0,
709,2024-01-23,29-088,PHI,TBL,L,0,0,0,-2,2,0,0,0,0,0,0,0,1,0.0,17,12:01,0,0,0,
710,2024-01-27,29-092,PHI,BOS,L,0,0,0,0,0,0,0,0,0,0,0,0,1,0.0,22,17:24,4,0,0,
711,2024-02-06,29-102,PHI,FLA,W,0,0,0,0,0,0,0,0,0,0,0,0,2,0.0,23,18:32,2,0,0,
712,2024-02-10,29-106,PHI,SEA,W,0,0,0,0,2,0,0,0,0,0,0,0,0,,24,15:26,2,0,0,
